figure,displayed,raw_value,source_key,rule_or_parameter,guarded_by
Stores in the synthetic network,30,30,analysis_summary.json:stores (count),Generator: 30 fictional stores,validate_and_analyze check 4
Reporting weeks,26,26,analysis_summary.json:weeks (count),Contiguous Mondays,validate_and_analyze checks 1-3
Store-weeks present,761,761,analysis_summary.json:store_weekly (count),One row per store per week after opening,validate_and_analyze check 9
First reporting week,2026-02-23,2026-02-23,analysis_summary.json:weeks.0,Calendar week start,validate_and_analyze check 3
Latest reporting week,2026-08-17,2026-08-17,analysis_summary.json:weeks.25,Calendar week start,validate_and_analyze check 3
"Network stores, week of 2026-08-17",30,30,analysis_summary.json:network_week_latest.stores,Role scope: network,"PY_BASE_01, UI-ROL-01"
"Network completed exams, week of 2026-08-17","3,496",3496,analysis_summary.json:network_week_latest.completed_exams,Sum of completed exams,"PY_BASE_01, JS-AGG-01"
"Network appointment utilization, week of 2026-08-17",82.4%,0.8238147739801543,analysis_summary.json:network_week_latest.utilization,Ratio of sums (KPI-01),"PY_BASE_01, JS-AGG-01"
"Network attendance, week of 2026-08-17",93.6%,0.9357601713062098,analysis_summary.json:network_week_latest.attendance,Ratio of sums (KPI-02),"PY_BASE_01, JS-AGG-01"
"Network exam-to-purchase conversion, week of 2026-08-17",57.0%,0.5700800915331807,analysis_summary.json:network_week_latest.conversion,Ratio of sums (KPI-05),"PY_BASE_01, JS-AGG-01"
"Network on-time fulfilment, week of 2026-08-17",90.2%,0.9022462562396006,analysis_summary.json:network_week_latest.on_time,Ratio of sums (KPI-07),"PY_BASE_01, PY_DEF_01"
"Network average order turnaround, week of 2026-08-17",6.5 days,6.536397670549085,analysis_summary.json:network_week_latest.turnaround,Weighted mean (KPI-08),PY_BASE_01
"Network revenue per completed exam, week of 2026-08-17",$187,186.64598112128152,analysis_summary.json:network_week_latest.rev_per_exam,Ratio of sums (KPI-06); role-restricted,"PY_DEF_02, UI-OP-01"
"Network Amber store-weeks, week of 2026-08-17",2,2,analysis_summary.json:network_week_latest.amber_store_weeks,Data quality Amber = provisional,"PY_AMBER_01, UI-AMBER-01"
"Network Red store-weeks excluded, week of 2026-08-17",0,0,analysis_summary.json:network_week_latest.excluded_red_store_weeks,Red store-weeks withheld,"PY_RED_01, UI-RED-01"
"Atlantic stores, week of 2026-08-17",6,6,analysis_summary.json:region_week_latest.Atlantic.stores,Role scope applied before filters,"PY_BASE_02, UI-RRM-01"
"Atlantic completed exams, week of 2026-08-17",545,545,analysis_summary.json:region_week_latest.Atlantic.completed_exams,Sum within scope,"PY_BASE_02, UI-RRM-01"
"Atlantic appointment utilization, week of 2026-08-17",81.0%,0.810126582278481,analysis_summary.json:region_week_latest.Atlantic.utilization,Ratio of sums within scope,"PY_BASE_02, JS-SCOPE-01"
"Atlantic attendance, week of 2026-08-17",94.6%,0.9461805555555556,analysis_summary.json:region_week_latest.Atlantic.attendance,Ratio of sums within scope,"PY_BASE_02, JS-SCOPE-01"
"Atlantic conversion, week of 2026-08-17",55.8%,0.5577981651376147,analysis_summary.json:region_week_latest.Atlantic.conversion,Ratio of sums within scope,"PY_BASE_02, JS-SCOPE-01"
"Atlantic on-time fulfilment, week of 2026-08-17",77.3%,0.773224043715847,analysis_summary.json:region_week_latest.Atlantic.on_time,Ratio of sums within scope,"PY_BASE_02, JS-SCOPE-01"
"Atlantic average order turnaround, week of 2026-08-17",9.1 days,9.103278688524592,analysis_summary.json:region_week_latest.Atlantic.turnaround,Weighted mean within scope,"PY_BASE_02, UI-RRM-01"
Stage flags raised across all 26 weeks,228,228,analysis_summary.json:stage_flags_total,Exception rule set v0.2,PY_EXC_01 to PY_EXC_06
Average stage flags per week,8.8,8.76923076923077,analysis_summary.json:stage_flags_per_week_avg,228 flags / 26 weeks,PY_EXC_03
Flags in the Fulfilment stage,99,99,analysis_summary.json:stage_flags_by_stage.Fulfilment,Both fulfilment KPIs kept in the stage group,"PY_EXC_03, UI-EXC-04"
Flags in the Attendance stage,43,43,analysis_summary.json:stage_flags_by_stage.Attendance,Stage grouping,PY_EXC_03
Flags in the Recall stage,41,41,analysis_summary.json:stage_flags_by_stage.Recall,Recall rules skip New stores and low contact counts,PY_EXC_05
Flags in the Conversion stage,25,25,analysis_summary.json:stage_flags_by_stage.Conversion,Rules (a) and (b),"PY_EXC_02, PY_EXC_04"
Flags in the Booking stage,20,20,analysis_summary.json:stage_flags_by_stage.Booking,Rules (a) and (b),PY_EXC_02
Store-weeks with a turnaround flag,96,96,analysis_summary.json:exceptions_by_kpi.turnaround,Lower is better for turnaround,PY_EXC_02
Store-weeks with an on-time flag,93,93,analysis_summary.json:exceptions_by_kpi.on_time,Rules (a) and (b),PY_EXC_02
Share of store-weeks with a ramp index,36.5%,0.36486486486486486,analysis_summary.json:ramp_index_coverage,"Same-age peers, floor 5, age 3-104 weeks",PY_RAMP_01
Ramp triggers in the demonstration data,0,0,analysis_summary.json:ramp_triggers (count),Index below 80 for 4 consecutive available weeks,"PY_RAMP_01, PY_RAMP_02"
Weekly recall counts of 1-4 shown as '<5',216,216,analysis_summary.json:suppression.weekly_recall_bookings_1_to_4,Small-count suppression v0.2,"PY_SUP_01, JS-SUP-01, UI-SUP-01"
Weekly recall counts of exactly zero (shown as 0),2,2,analysis_summary.json:suppression.weekly_recall_bookings_zero,Zero is not suppressed,PY_SUP_02
Store-weeks where recall is not applicable,42,42,analysis_summary.json:suppression.weekly_recall_not_applicable,Programme not active before week 12,PY_SUP_03
4-week recall rates displayed,606,606,analysis_summary.json:suppression.recall_rate_states_4wk.ok,State: ok,PY_SUP_01
4-week recall rates suppressed,47,47,analysis_summary.json:suppression.recall_rate_states_4wk.suppressed,State: suppressed (small numerator or denominator),"PY_SUP_01, JS-SUP-02"
4-week recall rates with insufficient history,62,62,analysis_summary.json:suppression.recall_rate_states_4wk.insufficient_history,State: insufficient_history,"PY_WIN_01, PY_WIN_02"
Red store-weeks in the dataset,4,4,analysis_summary.json:red_store_weeks (count),Completeness under 90% or a stale refresh,"PY_RED_01 to PY_RED_04, UI-RED-01"
Structural and seeded-pattern checks passed,32/32,32,analysis_summary.json:checks (count),build/validate_and_analyze.py,validate_and_analyze.py exit status
