store_id,week_start,kpi_key,value,state,usable_weeks,peer_median,peer_p25,peer_p75,peer_n,peer_basis,eyewear_revenue_week
SYN-001,2026-02-23,rev_per_exam,,insufficient_history,1,,,,0,suppressed,37785.66
SYN-001,2026-03-02,rev_per_exam,,insufficient_history,2,,,,0,suppressed,34066.47
SYN-001,2026-03-09,rev_per_exam,212.650167,ok,3,199.708073,190.518684,207.033659,10,cohort (fallback),30007.3
SYN-001,2026-03-16,rev_per_exam,210.707854,ok,4,203.102894,191.595153,207.988095,10,cohort (fallback),30675.81
SYN-001,2026-03-23,rev_per_exam,202.977528,ok,4,201.552574,192.092909,209.622215,10,cohort (fallback),33329.24
SYN-001,2026-03-30,rev_per_exam,199.710916,ok,4,203.831132,191.874235,205.966536,10,cohort (fallback),30207.84
SYN-001,2026-04-06,rev_per_exam,203.148134,ok,4,202.162291,196.898143,204.8664,10,cohort (fallback),33160.99
SYN-001,2026-04-13,rev_per_exam,204.722146,ok,4,198.397929,196.787485,203.192822,10,cohort (fallback),32072.16
SYN-001,2026-04-20,rev_per_exam,208.364393,ok,4,197.391379,191.96318,202.304735,10,cohort (fallback),31661.29
SYN-001,2026-04-27,rev_per_exam,209.264408,ok,4,196.160037,192.276123,203.619142,10,cohort (fallback),30338.32
SYN-001,2026-05-04,rev_per_exam,209.727687,ok,4,197.238923,192.20429,201.088419,10,cohort (fallback),34701.03
SYN-001,2026-05-11,rev_per_exam,214.647391,ok,4,197.631281,189.240493,202.365307,10,cohort (fallback),36595.39
SYN-001,2026-05-18,rev_per_exam,211.136073,ok,4,203.796306,189.069084,206.695543,11,cohort (fallback),32225.53
SYN-001,2026-05-25,rev_per_exam,215.75209,ok,4,197.268872,188.927189,208.579669,10,cohort (fallback),35853.9
SYN-001,2026-06-01,rev_per_exam,216.621477,ok,4,197.131453,184.620031,214.601864,10,cohort (fallback),34612.79
SYN-001,2026-06-08,rev_per_exam,212.711944,ok,4,197.945956,185.14304,214.331681,10,cohort (fallback),33018.0
SYN-001,2026-06-15,rev_per_exam,211.175617,ok,4,192.404375,185.807494,212.574614,10,cohort (fallback),29978.3
SYN-001,2026-06-22,rev_per_exam,209.865591,ok,4,194.03307,186.623911,206.762042,11,cohort (fallback),35655.56
SYN-001,2026-06-29,rev_per_exam,209.085087,ok,4,200.098886,183.705864,206.769338,12,cohort (fallback),33699.0
SYN-001,2026-07-06,rev_per_exam,209.831097,ok,4,199.809823,183.055529,206.160011,12,cohort (fallback),34539.38
SYN-001,2026-07-13,rev_per_exam,217.416948,ok,4,198.497911,186.375512,212.479614,12,cohort (fallback),35035.49
SYN-001,2026-07-20,rev_per_exam,218.783531,ok,4,196.447597,186.558557,212.804969,12,cohort (fallback),33028.27
SYN-001,2026-07-27,rev_per_exam,218.782348,ok,4,200.350052,190.264562,211.615356,12,cohort (fallback),34354.61
SYN-001,2026-08-03,rev_per_exam,216.886561,ok,4,201.422724,188.686714,210.226213,12,cohort (fallback),33786.39
SYN-001,2026-08-10,rev_per_exam,215.838864,ok,4,199.654168,189.097094,205.656454,12,cohort (fallback),31787.47
SYN-001,2026-08-17,rev_per_exam,212.125758,ok,4,202.292971,186.98415,207.696715,13,cohort (fallback),33074.38
SYN-002,2026-02-23,rev_per_exam,,insufficient_history,1,,,,0,suppressed,31246.97
SYN-002,2026-03-02,rev_per_exam,,insufficient_history,2,,,,0,suppressed,28439.68
SYN-002,2026-03-09,rev_per_exam,184.380443,ok,3,204.694886,191.259449,209.431482,8,cohort x format,27709.68
SYN-002,2026-03-16,rev_per_exam,183.615079,ok,4,207.490275,191.925488,208.779923,8,cohort x format,29015.63
SYN-002,2026-03-23,rev_per_exam,177.531246,ok,4,205.522985,192.129529,209.962685,8,cohort x format,27389.82
SYN-002,2026-03-30,rev_per_exam,182.047533,ok,4,203.831132,193.39531,205.025501,8,cohort x format,27297.96
SYN-002,2026-04-06,rev_per_exam,182.652042,ok,4,202.162291,199.069298,204.042414,8,cohort x format,28992.9
SYN-002,2026-04-13,rev_per_exam,189.025548,ok,4,198.397929,197.330511,200.597161,8,cohort x format,31813.93
SYN-002,2026-04-20,rev_per_exam,190.722736,ok,4,197.391379,193.938547,202.303959,8,cohort x format,28998.97
SYN-002,2026-04-27,rev_per_exam,191.685908,ok,4,196.160037,191.784115,205.349389,8,cohort x format,30572.95
SYN-002,2026-05-04,rev_per_exam,192.324029,ok,4,197.238923,191.216694,203.050219,8,cohort x format,29393.64
SYN-002,2026-05-11,rev_per_exam,183.8,ok,4,198.717758,192.025824,204.487203,8,cohort x format,26277.04
SYN-002,2026-05-18,rev_per_exam,180.042359,ok,4,200.93507,189.904863,205.850959,8,cohort x format,25202.59
SYN-002,2026-05-25,rev_per_exam,172.559418,ok,4,194.267532,189.025178,206.818723,7,cohort x format,25941.01
SYN-002,2026-06-01,rev_per_exam,172.714626,ok,4,193.447594,185.535311,211.889024,7,cohort x format,31216.86
SYN-002,2026-06-08,rev_per_exam,175.50989,ok,4,193.814801,186.581482,213.646569,7,cohort x format,29263.83
SYN-002,2026-06-15,rev_per_exam,178.0229,ok,4,190.65381,186.673681,212.369039,7,cohort x format,27156.91
SYN-002,2026-06-22,rev_per_exam,182.417662,ok,4,191.809288,186.87692,206.234545,8,cohort x format,27832.78
SYN-002,2026-06-29,rev_per_exam,176.763323,ok,4,196.265685,184.504633,206.251957,9,cohort x format,27991.19
SYN-002,2026-07-06,rev_per_exam,180.815647,ok,4,197.517469,183.802156,205.814416,9,cohort x format,31656.24
SYN-002,2026-07-13,rev_per_exam,186.844028,ok,4,196.430081,184.969962,206.551594,9,cohort x format,32660.5
SYN-002,2026-07-20,rev_per_exam,192.227542,ok,4,195.507903,181.125393,207.732482,9,cohort x format,32832.2
SYN-002,2026-07-27,rev_per_exam,202.621339,ok,4,193.084304,186.543589,210.528078,9,cohort x format,31515.61
SYN-002,2026-08-03,rev_per_exam,208.754709,ok,4,190.130167,187.9888,203.662872,9,cohort x format,39099.76
SYN-002,2026-08-10,rev_per_exam,204.561273,ok,4,191.299931,185.149467,203.124945,9,cohort x format,29926.38
SYN-002,2026-08-17,rev_per_exam,202.292971,ok,4,191.171458,180.879588,207.284204,9,cohort x format,31555.56
SYN-003,2026-02-23,rev_per_exam,,insufficient_history,1,,,,0,suppressed,34061.9
SYN-003,2026-03-02,rev_per_exam,,insufficient_history,2,,,,0,suppressed,29646.65
SYN-003,2026-03-09,rev_per_exam,215.175796,ok,3,197.717549,190.105369,206.067556,8,cohort x format,33550.91
SYN-003,2026-03-16,rev_per_exam,210.741617,ok,4,199.74845,191.398471,207.712235,8,cohort x format,29185.51
SYN-003,2026-03-23,rev_per_exam,208.870961,ok,4,197.161423,191.144448,209.962685,8,cohort x format,31477.41
SYN-003,2026-03-30,rev_per_exam,204.173092,ok,4,198.822509,190.511241,205.025501,8,cohort x format,27269.16
SYN-003,2026-04-06,rev_per_exam,203.370122,ok,4,200.554668,193.049368,204.042414,8,cohort x format,29005.74
SYN-003,2026-04-13,rev_per_exam,204.490653,ok,4,197.620722,194.643366,199.192161,8,cohort x format,28193.89
SYN-003,2026-04-20,rev_per_exam,202.303571,ok,4,196.300597,190.217216,198.975838,8,cohort x format,31653.46
SYN-003,2026-04-27,rev_per_exam,208.575915,ok,4,194.962164,190.01347,198.461876,8,cohort x format,29618.03
SYN-003,2026-05-04,rev_per_exam,215.626341,ok,4,193.238956,191.216694,200.497571,8,cohort x format,34304.14
SYN-003,2026-05-11,rev_per_exam,218.183287,ok,4,195.280001,186.835871,200.984438,8,cohort x format,29225.21
SYN-003,2026-05-18,rev_per_exam,222.258227,ok,4,194.157015,185.558736,204.474157,8,cohort x format,32206.26
SYN-003,2026-05-25,rev_per_exam,221.952626,ok,4,189.221155,180.694309,198.782181,7,cohort x format,31887.15
SYN-003,2026-06-01,rev_per_exam,217.314704,ok,4,187.36587,178.209689,199.955469,7,cohort x format,31420.02
SYN-003,2026-06-08,rev_per_exam,215.778752,ok,4,189.458365,179.607244,203.045573,7,cohort x format,28990.91
SYN-003,2026-06-15,rev_per_exam,211.957891,ok,4,188.406055,181.482104,201.716999,7,cohort x format,28305.96
SYN-003,2026-06-22,rev_per_exam,207.817035,ok,4,188.357718,185.192835,196.951565,8,cohort x format,29738.82
SYN-003,2026-06-29,rev_per_exam,203.932088,ok,4,188.946961,181.309558,206.251957,9,cohort x format,29205.6
SYN-003,2026-07-06,rev_per_exam,205.903042,ok,4,186.672664,180.815647,202.102177,9,cohort x format,30526.16
SYN-003,2026-07-13,rev_per_exam,206.551594,ok,4,191.058021,184.969962,200.565741,9,cohort x format,29709.69
SYN-003,2026-07-20,rev_per_exam,207.732482,ok,4,192.227542,181.125393,197.387291,9,cohort x format,28550.6
SYN-003,2026-07-27,rev_per_exam,210.528078,ok,4,193.084304,186.543589,202.621339,9,cohort x format,30582.97
SYN-003,2026-08-03,rev_per_exam,203.662872,ok,4,190.130167,187.9888,208.754709,9,cohort x format,27448.24
SYN-003,2026-08-10,rev_per_exam,199.255913,ok,4,191.299931,185.149467,204.561273,9,cohort x format,27990.34
SYN-003,2026-08-17,rev_per_exam,203.518963,ok,4,191.171458,180.879588,207.284204,9,cohort x format,29780.74
SYN-004,2026-02-23,rev_per_exam,,insufficient_history,1,,,,0,suppressed,11409.86
SYN-004,2026-03-02,rev_per_exam,,insufficient_history,2,,,,0,suppressed,11920.48
SYN-004,2026-03-09,rev_per_exam,146.940875,ok,3,150.455696,147.306381,155.23328,7,cohort x format,11935.47
SYN-004,2026-03-16,rev_per_exam,148.49963,ok,4,151.676291,149.029682,155.976402,7,cohort x format,12848.07
SYN-004,2026-03-23,rev_per_exam,147.010427,ok,4,153.098471,150.316154,159.146792,6,cohort x format,11515.4
SYN-004,2026-03-30,rev_per_exam,147.468353,ok,4,155.449608,143.966312,157.782536,7,cohort x format,12955.49
SYN-004,2026-04-06,rev_per_exam,151.34882,ok,4,148.62297,144.238418,155.310379,6,cohort x format,13988.29
SYN-004,2026-04-13,rev_per_exam,152.472246,ok,4,191.507178,184.270958,196.449828,10,cohort (fallback),12466.55
SYN-004,2026-04-20,rev_per_exam,158.447872,ok,4,191.281053,183.752592,199.762376,10,cohort (fallback),14937.29
SYN-004,2026-04-27,rev_per_exam,162.140789,ok,4,188.252332,175.890094,200.462252,11,cohort (fallback),14060.02
SYN-004,2026-05-04,rev_per_exam,159.119235,ok,4,189.607415,168.270667,197.72453,12,cohort (fallback),12636.68
SYN-004,2026-05-11,rev_per_exam,162.270347,ok,4,160.400641,156.088771,160.860938,5,cohort x format,14511.55
SYN-004,2026-05-18,rev_per_exam,163.776422,ok,4,161.136472,157.364914,167.32429,5,cohort x format,14639.51
SYN-004,2026-05-25,rev_per_exam,160.16652,ok,4,162.703697,160.429883,169.479552,6,cohort x format,12989.21
SYN-004,2026-06-01,rev_per_exam,160.974203,ok,4,162.620426,160.109878,167.570027,6,cohort x format,13395.83
SYN-004,2026-06-08,rev_per_exam,155.168257,ok,4,164.456412,161.288601,167.20319,6,cohort x format,13284.34
SYN-004,2026-06-15,rev_per_exam,155.038612,ok,4,168.15193,161.973124,168.854443,6,cohort x format,15059.25
SYN-004,2026-06-22,rev_per_exam,158.360639,ok,4,167.244133,163.272405,168.596588,6,cohort x format,15270.41
SYN-004,2026-06-29,rev_per_exam,159.728981,ok,4,167.488506,163.464475,169.348794,6,cohort x format,14367.62
SYN-004,2026-07-06,rev_per_exam,160.883425,ok,4,167.668167,160.718365,171.858056,5,cohort x format,13542.52
SYN-004,2026-07-13,rev_per_exam,160.11292,ok,4,164.379329,163.131977,169.634199,6,cohort x format,14940.44
SYN-004,2026-07-20,rev_per_exam,155.541233,ok,4,165.298828,163.608524,168.740814,7,cohort x format,13921.97
SYN-004,2026-07-27,rev_per_exam,153.706033,ok,4,165.833178,163.318378,170.458382,7,cohort x format,14158.89
SYN-004,2026-08-03,rev_per_exam,158.123733,ok,4,165.527242,160.043231,168.55732,7,cohort x format,15010.11
SYN-004,2026-08-10,rev_per_exam,157.408478,ok,4,162.085958,159.495687,170.898701,7,cohort x format,14835.35
SYN-004,2026-08-17,rev_per_exam,164.270718,ok,4,164.873773,162.824424,169.074971,7,cohort x format,15461.65
SYN-005,2026-02-23,rev_per_exam,,insufficient_history,1,,,,0,suppressed,34783.1
SYN-005,2026-03-02,rev_per_exam,,insufficient_history,2,,,,0,suppressed,35321.86
SYN-005,2026-03-09,rev_per_exam,222.40286,ok,3,197.717549,190.105369,206.067556,8,cohort x format,34869.19
SYN-005,2026-03-16,rev_per_exam,222.188228,ok,4,199.74845,191.398471,207.712235,8,cohort x format,35448.81
SYN-005,2026-03-23,rev_per_exam,221.020401,ok,4,197.161423,191.144448,209.121379,8,cohort x format,32055.85
SYN-005,2026-03-30,rev_per_exam,215.107876,ok,4,198.822509,190.511241,204.268565,8,cohort x format,33359.22
SYN-005,2026-04-06,rev_per_exam,210.207392,ok,4,200.554668,193.049368,203.435197,8,cohort x format,30515.74
SYN-005,2026-04-13,rev_per_exam,199.29933,ok,4,197.620722,194.643366,200.489992,8,cohort x format,29029.87
SYN-005,2026-04-20,rev_per_exam,188.700656,ok,4,197.391379,194.444067,202.303959,8,cohort x format,25033.08
SYN-005,2026-04-27,rev_per_exam,174.927687,ok,4,196.160037,193.456553,205.349389,8,cohort x format,25100.97
SYN-005,2026-05-04,rev_per_exam,163.384862,ok,4,197.238923,192.284116,203.050219,8,cohort x format,21644.54
SYN-005,2026-05-11,rev_per_exam,158.360641,ok,4,198.717758,192.025824,204.487203,8,cohort x format,24504.68
SYN-005,2026-05-18,rev_per_exam,155.269525,ok,4,200.93507,189.904863,205.850959,8,cohort x format,23619.49
SYN-005,2026-05-25,rev_per_exam,157.126039,ok,4,194.267532,189.025178,206.818723,7,cohort x format,27806.56
SYN-005,2026-06-01,rev_per_exam,158.207755,ok,4,193.447594,185.535311,211.889024,7,cohort x format,23423.74
SYN-005,2026-06-08,rev_per_exam,159.173661,ok,4,193.814801,186.581482,213.646569,7,cohort x format,25588.79
SYN-005,2026-06-15,rev_per_exam,158.757648,ok,4,190.65381,186.673681,212.369039,7,cohort x format,22404.44
SYN-005,2026-06-22,rev_per_exam,156.930654,ok,4,191.809288,186.87692,206.234545,8,cohort x format,24624.59
SYN-005,2026-06-29,rev_per_exam,156.985829,ok,4,196.265685,184.504633,206.251957,9,cohort x format,22986.55
SYN-005,2026-07-06,rev_per_exam,153.420591,ok,4,197.517469,183.802156,205.814416,9,cohort x format,23417.56
SYN-005,2026-07-13,rev_per_exam,153.631256,ok,4,196.430081,186.844028,206.551594,9,cohort x format,24376.31
SYN-005,2026-07-20,rev_per_exam,152.427129,ok,4,195.507903,188.369612,207.732482,9,cohort x format,24791.39
SYN-005,2026-07-27,rev_per_exam,150.905102,ok,4,198.078766,191.504886,210.528078,9,cohort x format,23239.48
SYN-005,2026-08-03,rev_per_exam,150.486529,ok,4,202.042691,188.919352,208.754709,9,cohort x format,22098.36
SYN-005,2026-08-10,rev_per_exam,147.041169,ok,4,199.255913,190.41297,204.561273,9,cohort x format,22947.83
SYN-005,2026-08-17,rev_per_exam,147.921258,ok,4,202.292971,186.98415,207.284204,9,cohort x format,24608.88
SYN-006,2026-02-23,rev_per_exam,,insufficient_history,1,,,,0,suppressed,24362.64
SYN-006,2026-03-02,rev_per_exam,,insufficient_history,2,,,,0,suppressed,23467.87
SYN-006,2026-03-09,rev_per_exam,186.08832,ok,3,201.855577,190.457931,208.309509,7,cohort (fallback),21952.61
SYN-006,2026-03-16,rev_per_exam,187.786626,ok,4,200.95809,189.953727,202.873993,7,cohort (fallback),22607.9
SYN-006,2026-03-23,rev_per_exam,188.815339,ok,4,193.44024,186.664948,200.622976,8,cohort (fallback),23924.69
SYN-006,2026-03-30,rev_per_exam,191.932016,ok,4,192.101003,186.619041,198.814702,8,cohort (fallback),24793.76
SYN-006,2026-04-06,rev_per_exam,195.46002,ok,4,188.555536,184.707522,191.888024,9,cohort (fallback),25230.9
SYN-006,2026-04-13,rev_per_exam,196.539472,ok,4,187.298772,171.608334,196.03247,10,cohort (fallback),22748.07
SYN-006,2026-04-20,rev_per_exam,193.235542,ok,4,187.663923,171.297239,199.762376,10,cohort (fallback),21719.45
SYN-006,2026-04-27,rev_per_exam,196.990452,ok,4,187.162542,164.846195,199.611378,11,cohort (fallback),26235.93
SYN-006,2026-05-04,rev_per_exam,193.103848,ok,4,186.443927,160.658415,197.72453,12,cohort (fallback),20634.67
SYN-006,2026-05-11,rev_per_exam,191.686312,ok,4,184.50096,160.860938,193.595535,13,cohort (fallback),23419.38
SYN-006,2026-05-18,rev_per_exam,191.179481,ok,4,179.4055,163.116435,192.567955,12,cohort (fallback),21858.53
SYN-006,2026-05-25,rev_per_exam,185.356548,ok,4,176.629119,162.446118,193.734511,13,cohort (fallback),22687.85
SYN-006,2026-06-01,rev_per_exam,185.824513,ok,4,171.533399,162.429185,190.660337,13,cohort (fallback),21787.48
SYN-006,2026-06-08,rev_per_exam,185.02207,ok,4,169.673203,163.164044,189.966282,13,cohort (fallback),23956.91
SYN-006,2026-06-15,rev_per_exam,186.491543,ok,4,173.360583,167.889726,190.615466,13,cohort (fallback),24627.04
SYN-006,2026-06-22,rev_per_exam,185.756068,ok,4,172.253146,165.072414,191.845421,12,cohort (fallback),22692.36
SYN-006,2026-06-29,rev_per_exam,187.64935,ok,4,173.273143,165.175364,196.990261,12,cohort (fallback),21047.17
SYN-006,2026-07-06,rev_per_exam,185.950125,ok,4,174.788779,164.275796,193.306632,11,cohort (fallback),21075.44
SYN-006,2026-07-13,rev_per_exam,184.366239,ok,4,172.153199,163.444457,196.091726,12,cohort (fallback),22943.36
SYN-006,2026-07-20,rev_per_exam,183.356021,ok,4,169.67133,163.923469,192.713981,13,cohort (fallback),21111.36
SYN-006,2026-07-27,rev_per_exam,177.492515,ok,4,172.785241,163.872492,188.933622,13,cohort (fallback),21663.68
SYN-006,2026-08-03,rev_per_exam,181.870245,ok,4,170.771582,161.375935,191.635678,13,cohort (fallback),23216.15
SYN-006,2026-08-10,rev_per_exam,185.011058,ok,4,175.306925,161.109579,188.45733,13,cohort (fallback),23184.14
SYN-006,2026-08-17,rev_per_exam,193.258378,ok,4,169.074971,164.300224,188.314937,12,cohort (fallback),26052.86
SYN-007,2026-02-23,rev_per_exam,,insufficient_history,1,,,,0,suppressed,27739.28
SYN-007,2026-03-02,rev_per_exam,,insufficient_history,2,,,,0,suppressed,32766.05
SYN-007,2026-03-09,rev_per_exam,205.584505,ok,3,197.717549,190.105369,209.431482,8,cohort x format,30774.19
SYN-007,2026-03-16,rev_per_exam,207.574305,ok,4,199.74845,191.398471,208.779923,8,cohort x format,32642.34
SYN-007,2026-03-23,rev_per_exam,209.872632,ok,4,197.161423,191.144448,209.211431,8,cohort x format,30580.49
SYN-007,2026-03-30,rev_per_exam,206.437053,ok,4,198.822509,190.511241,204.268565,8,cohort x format,30690.96
SYN-007,2026-04-06,rev_per_exam,203.630421,ok,4,200.554668,193.049368,203.84719,8,cohort x format,27042.68
SYN-007,2026-04-13,rev_per_exam,197.639419,ok,4,198.379232,194.643366,200.597161,8,cohort x format,27304.93
SYN-007,2026-04-20,rev_per_exam,195.684511,ok,4,197.391379,190.217216,202.303959,8,cohort x format,29045.5
SYN-007,2026-04-27,rev_per_exam,195.87756,ok,4,195.244641,190.01347,205.349389,8,cohort x format,31391.14
SYN-007,2026-05-04,rev_per_exam,200.323963,ok,4,193.238956,191.216694,203.050219,8,cohort x format,30048.92
SYN-007,2026-05-11,rev_per_exam,200.294003,ok,4,195.280001,186.835871,204.487203,8,cohort x format,29089.96
SYN-007,2026-05-18,rev_per_exam,205.006375,ok,4,194.157015,185.558736,205.318741,8,cohort x format,28783.69
SYN-007,2026-05-25,rev_per_exam,203.296831,ok,4,189.221155,180.694309,202.304073,7,cohort x format,31412.67
SYN-007,2026-06-01,rev_per_exam,206.463345,ok,4,187.36587,178.209689,205.381149,7,cohort x format,31081.81
SYN-007,2026-06-08,rev_per_exam,215.016794,ok,4,189.458365,179.607244,203.045573,7,cohort x format,32786.52
SYN-007,2026-06-15,rev_per_exam,212.780188,ok,4,188.406055,181.482104,201.30585,7,cohort x format,29408.19
SYN-007,2026-06-22,rev_per_exam,212.254676,ok,4,188.357718,185.192835,196.951565,8,cohort x format,31104.72
SYN-007,2026-06-29,rev_per_exam,208.321482,ok,4,188.946961,181.309558,203.932088,9,cohort x format,28985.28
SYN-007,2026-07-06,rev_per_exam,205.814416,ok,4,186.672664,180.815647,202.102177,9,cohort x format,30285.8
SYN-007,2026-07-13,rev_per_exam,213.071536,ok,4,191.058021,184.969962,200.565741,9,cohort x format,34484.12
SYN-007,2026-07-20,rev_per_exam,212.826857,ok,4,192.227542,181.125393,197.387291,9,cohort x format,32876.78
SYN-007,2026-07-27,rev_per_exam,214.87719,ok,4,193.084304,186.543589,202.621339,9,cohort x format,32354.0
SYN-007,2026-08-03,rev_per_exam,214.640725,ok,4,190.130167,187.9888,203.662872,9,cohort x format,30572.02
SYN-007,2026-08-10,rev_per_exam,208.941997,ok,4,191.299931,185.149467,203.124945,9,cohort x format,29771.34
SYN-007,2026-08-17,rev_per_exam,207.284204,ok,4,191.171458,180.879588,203.518963,9,cohort x format,27112.91
SYN-008,2026-02-23,rev_per_exam,,insufficient_history,1,,,,0,suppressed,11264.51
SYN-008,2026-03-02,rev_per_exam,,insufficient_history,2,,,,0,suppressed,12501.08
SYN-008,2026-03-09,rev_per_exam,152.715746,ok,3,149.918915,145.817361,154.103255,7,cohort x format,11053.6
SYN-008,2026-03-16,rev_per_exam,151.676291,ok,4,149.108339,148.725327,155.976402,7,cohort x format,10987.05
SYN-008,2026-03-23,rev_per_exam,149.801709,ok,4,153.098471,148.222693,159.146792,6,cohort x format,12795.61
SYN-008,2026-03-30,rev_per_exam,148.523292,ok,4,155.449608,143.438843,157.782536,7,cohort x format,12542.67
SYN-008,2026-04-06,rev_per_exam,143.789458,ok,4,151.504731,147.026179,155.310379,6,cohort x format,11412.77
SYN-008,2026-04-13,rev_per_exam,141.67574,ok,4,152.311392,148.89825,157.830963,5,cohort x format,11135.35
SYN-008,2026-04-20,rev_per_exam,145.700659,ok,4,151.148686,121.665893,154.233801,6,cohort x format,13573.23
SYN-008,2026-04-27,rev_per_exam,145.383256,ok,4,152.894941,113.830733,155.921201,5,cohort x format,13890.49
SYN-008,2026-05-04,rev_per_exam,149.795291,ok,4,,,,0,suppressed,12930.51
SYN-008,2026-05-11,rev_per_exam,156.088771,ok,4,160.860938,160.400641,162.270347,5,cohort x format,14236.84
SYN-008,2026-05-18,rev_per_exam,157.364914,ok,4,163.776422,161.136472,167.32429,5,cohort x format,14019.88
SYN-008,2026-05-25,rev_per_exam,155.819335,ok,4,162.703697,160.73642,169.479552,6,cohort x format,12726.26
SYN-008,2026-06-01,rev_per_exam,155.605536,ok,4,162.620426,161.337948,167.570027,6,cohort x format,12700.93
SYN-008,2026-06-08,rev_per_exam,155.073924,ok,4,164.456412,161.288601,167.20319,6,cohort x format,13898.36
SYN-008,2026-06-15,rev_per_exam,154.487543,ok,4,168.15193,161.973124,168.854443,6,cohort x format,14745.09
SYN-008,2026-06-22,rev_per_exam,156.004141,ok,4,167.244133,163.272405,168.596588,6,cohort x format,14037.09
SYN-008,2026-06-29,rev_per_exam,158.909634,ok,4,167.488506,163.464475,169.348794,6,cohort x format,13732.38
SYN-008,2026-07-06,rev_per_exam,160.718365,ok,4,167.668167,160.883425,171.858056,5,cohort x format,16469.08
SYN-008,2026-07-13,rev_per_exam,162.975738,ok,4,164.379329,163.008703,169.634199,6,cohort x format,15410.57
SYN-008,2026-07-20,rev_per_exam,163.293579,ok,4,165.298828,163.203564,168.740814,7,cohort x format,14153.42
SYN-008,2026-07-27,rev_per_exam,162.259947,ok,4,165.833178,163.318378,170.458382,7,cohort x format,15138.93
SYN-008,2026-08-03,rev_per_exam,161.375935,ok,4,165.527242,158.5784,168.55732,7,cohort x format,14844.8
SYN-008,2026-08-10,rev_per_exam,154.814463,ok,4,162.085958,159.495687,170.898701,7,cohort x format,12060.5
SYN-008,2026-08-17,rev_per_exam,161.338788,ok,4,164.873773,164.290389,169.074971,7,cohort x format,16521.75
SYN-009,2026-02-23,rev_per_exam,,insufficient_history,1,,,,0,suppressed,25162.5
SYN-009,2026-03-02,rev_per_exam,,insufficient_history,2,,,,0,suppressed,28636.83
SYN-009,2026-03-09,rev_per_exam,189.976571,ok,3,204.694886,191.259449,209.431482,8,cohort x format,25990.83
SYN-009,2026-03-16,rev_per_exam,192.090655,ok,4,207.490275,191.398471,208.779923,8,cohort x format,28741.06
SYN-009,2026-03-23,rev_per_exam,192.074599,ok,4,205.522985,191.199378,209.962685,8,cohort x format,26882.1
SYN-009,2026-03-30,rev_per_exam,194.155848,ok,4,203.831132,190.511241,205.025501,8,cohort x format,28278.22
SYN-009,2026-04-06,rev_per_exam,200.154876,ok,4,202.162291,193.049368,204.042414,8,cohort x format,29386.28
SYN-009,2026-04-13,rev_per_exam,197.602025,ok,4,198.397929,194.643366,200.597161,8,cohort x format,27691.35
SYN-009,2026-04-20,rev_per_exam,197.866076,ok,4,196.300597,190.217216,202.303959,8,cohort x format,24064.09
SYN-009,2026-04-27,rev_per_exam,196.442514,ok,4,194.962164,190.01347,205.349389,8,cohort x format,23562.14
SYN-009,2026-05-04,rev_per_exam,192.164377,ok,4,197.238923,191.336432,203.050219,8,cohort x format,26529.54
SYN-009,2026-05-11,rev_per_exam,193.418489,ok,4,198.717758,186.835871,204.487203,8,cohort x format,27002.1
SYN-009,2026-05-18,rev_per_exam,197.573389,ok,4,197.518696,185.558736,205.850959,8,cohort x format,29003.13
SYN-009,2026-05-25,rev_per_exam,194.267532,ok,4,189.221155,180.694309,206.818723,7,cohort x format,25283.71
SYN-009,2026-06-01,rev_per_exam,193.447594,ok,4,187.36587,178.209689,211.889024,7,cohort x format,27235.16
SYN-009,2026-06-08,rev_per_exam,193.814801,ok,4,189.458365,179.607244,213.646569,7,cohort x format,25851.4
SYN-009,2026-06-15,rev_per_exam,184.941307,ok,4,190.65381,183.214477,212.369039,7,cohort x format,26306.51
SYN-009,2026-06-22,rev_per_exam,187.12993,ok,4,191.809288,185.192835,206.234545,8,cohort x format,27083.86
SYN-009,2026-06-29,rev_per_exam,184.504633,ok,4,196.265685,181.309558,206.251957,9,cohort x format,26294.88
SYN-009,2026-07-06,rev_per_exam,186.672664,ok,4,197.517469,180.815647,205.814416,9,cohort x format,28211.55
SYN-009,2026-07-13,rev_per_exam,191.058021,ok,4,196.430081,184.969962,206.551594,9,cohort x format,25593.26
SYN-009,2026-07-20,rev_per_exam,188.369612,ok,4,195.507903,181.125393,207.732482,9,cohort x format,26705.88
SYN-009,2026-07-27,rev_per_exam,193.084304,ok,4,198.078766,186.543589,210.528078,9,cohort x format,27616.52
SYN-009,2026-08-03,rev_per_exam,187.9888,ok,4,202.042691,188.919352,208.754709,9,cohort x format,28177.9
SYN-009,2026-08-10,rev_per_exam,191.299931,ok,4,199.255913,185.149467,204.561273,9,cohort x format,28836.26
SYN-009,2026-08-17,rev_per_exam,191.171458,ok,4,202.292971,180.879588,207.284204,9,cohort x format,26822.28
SYN-010,2026-02-23,rev_per_exam,,insufficient_history,1,,,,0,suppressed,24305.61
SYN-010,2026-03-02,rev_per_exam,,insufficient_history,2,,,,0,suppressed,26503.54
SYN-010,2026-03-09,rev_per_exam,227.740226,ok,3,197.976479,184.513852,204.944128,7,cohort (fallback),29810.89
SYN-010,2026-03-16,rev_per_exam,221.899937,ok,4,196.411122,185.641479,201.22222,7,cohort (fallback),24560.53
SYN-010,2026-03-23,rev_per_exam,228.166887,ok,4,190.375848,186.664948,195.758076,8,cohort (fallback),26135.31
SYN-010,2026-03-30,rev_per_exam,226.756087,ok,4,191.416337,186.619041,193.737676,8,cohort (fallback),23801.07
SYN-010,2026-04-06,rev_per_exam,218.768026,ok,4,188.555536,184.707522,191.888024,9,cohort (fallback),27448.99
SYN-010,2026-04-13,rev_per_exam,230.098488,ok,4,187.298772,171.608334,196.03247,10,cohort (fallback),29150.23
SYN-010,2026-04-20,rev_per_exam,222.883822,ok,4,187.663923,171.297239,198.130284,10,cohort (fallback),24577.99
SYN-010,2026-04-27,rev_per_exam,223.986584,ok,4,187.162542,164.846195,196.139578,11,cohort (fallback),27008.31
SYN-010,2026-05-04,rev_per_exam,220.639234,ok,4,186.443927,160.658415,194.013529,12,cohort (fallback),22963.91
SYN-010,2026-05-11,rev_per_exam,214.345608,ok,4,184.50096,160.860938,191.686312,13,cohort (fallback),25977.88
SYN-010,2026-05-18,rev_per_exam,221.786767,ok,4,203.796306,189.069084,206.695543,11,cohort (fallback),27624.32
SYN-010,2026-05-25,rev_per_exam,223.991598,ok,4,197.268872,188.927189,208.579669,10,cohort (fallback),27142.0
SYN-010,2026-06-01,rev_per_exam,229.83021,ok,4,197.131453,184.620031,214.081944,10,cohort (fallback),28884.81
SYN-010,2026-06-08,rev_per_exam,229.462869,ok,4,197.945956,185.14304,212.603044,10,cohort (fallback),26720.51
SYN-010,2026-06-15,rev_per_exam,227.028288,ok,4,192.404375,185.807494,211.762323,10,cohort (fallback),25999.23
SYN-010,2026-06-22,rev_per_exam,225.864802,ok,4,194.03307,186.623911,206.762042,11,cohort (fallback),26584.69
SYN-010,2026-06-29,rev_per_exam,225.155666,ok,4,200.098886,183.705864,206.769338,12,cohort (fallback),27194.2
SYN-010,2026-07-06,rev_per_exam,228.805638,ok,4,199.809823,183.055529,206.160011,12,cohort (fallback),27760.53
SYN-010,2026-07-13,rev_per_exam,235.552447,ok,4,198.497911,186.375512,212.479614,12,cohort (fallback),29170.23
SYN-010,2026-07-20,rev_per_exam,234.105558,ok,4,196.447597,186.558557,212.804969,12,cohort (fallback),24968.23
SYN-010,2026-07-27,rev_per_exam,233.815451,ok,4,200.350052,190.264562,211.615356,12,cohort (fallback),27059.01
SYN-010,2026-08-03,rev_per_exam,226.568694,ok,4,201.422724,188.686714,210.226213,12,cohort (fallback),24610.11
SYN-010,2026-08-10,rev_per_exam,220.867601,ok,4,199.654168,189.097094,205.656454,12,cohort (fallback),27391.29
SYN-010,2026-08-17,rev_per_exam,220.895339,ok,4,202.292971,186.98415,207.696715,13,cohort (fallback),25202.19
SYN-011,2026-02-23,rev_per_exam,,insufficient_history,1,,,,0,suppressed,9861.04
SYN-011,2026-03-02,rev_per_exam,,insufficient_history,2,,,,0,suppressed,10708.14
SYN-011,2026-03-09,rev_per_exam,149.918915,ok,3,150.455696,145.817361,155.23328,7,cohort x format,11213.63
SYN-011,2026-03-16,rev_per_exam,148.951025,ok,4,151.676291,148.803984,155.976402,7,cohort x format,10370.33
SYN-011,2026-03-23,rev_per_exam,150.413287,ok,4,193.44024,188.457353,200.622976,8,cohort (fallback),10726.1
SYN-011,2026-03-30,rev_per_exam,149.504858,ok,4,192.616682,189.853517,198.814702,8,cohort (fallback),9850.31
SYN-011,2026-04-06,rev_per_exam,149.400972,ok,4,189.565247,187.0113,195.46002,9,cohort (fallback),12080.74
SYN-011,2026-04-13,rev_per_exam,153.667586,ok,4,191.507178,184.270958,196.449828,10,cohort (fallback),11906.45
SYN-011,2026-04-20,rev_per_exam,155.643125,ok,4,191.281053,183.752592,199.762376,10,cohort (fallback),10987.72
SYN-011,2026-04-27,rev_per_exam,157.878151,ok,4,188.252332,175.890094,200.462252,11,cohort (fallback),11125.51
SYN-011,2026-05-04,rev_per_exam,158.388763,ok,4,189.607415,168.270667,197.72453,12,cohort (fallback),12071.45
SYN-011,2026-05-11,rev_per_exam,153.369281,ok,4,160.860938,160.400641,162.270347,5,cohort x format,10599.15
SYN-011,2026-05-18,rev_per_exam,156.223953,ok,4,163.776422,161.136472,167.32429,5,cohort x format,12446.18
SYN-011,2026-05-25,rev_per_exam,159.757804,ok,4,162.703697,160.73642,169.479552,6,cohort x format,12171.53
SYN-011,2026-06-01,rev_per_exam,162.811667,ok,4,161.701694,159.746133,167.474406,6,cohort x format,12649.77
SYN-011,2026-06-08,rev_per_exam,167.687993,ok,4,161.913749,156.542056,165.102596,6,cohort x format,12032.79
SYN-011,2026-06-15,rev_per_exam,169.001212,ok,4,163.945324,156.27919,168.283032,6,cohort x format,13339.27
SYN-011,2026-06-22,rev_per_exam,165.972418,ok,4,165.444124,159.363579,168.596588,6,cohort x format,12765.73
SYN-011,2026-06-29,rev_per_exam,166.030809,ok,4,165.777617,160.448993,169.348794,6,cohort x format,13165.73
SYN-011,2026-07-06,rev_per_exam,167.668167,ok,4,160.883425,160.718365,171.858056,5,cohort x format,12874.07
SYN-011,2026-07-13,rev_per_exam,165.157961,ok,4,163.288217,162.852463,169.244883,6,cohort x format,12228.28
SYN-011,2026-07-20,rev_per_exam,167.810298,ok,4,163.923469,162.888619,167.485079,7,cohort x format,12410.63
SYN-011,2026-07-27,rev_per_exam,163.872492,ok,4,165.833178,162.512106,170.458382,7,cohort x format,12468.13
SYN-011,2026-08-03,rev_per_exam,158.446275,ok,4,165.527242,160.043231,168.55732,7,cohort x format,11377.52
SYN-011,2026-08-10,rev_per_exam,161.109579,ok,4,162.085958,157.645137,170.898701,7,cohort x format,13526.58
SYN-011,2026-08-17,rev_per_exam,157.384647,ok,4,164.873773,164.290389,169.074971,7,cohort x format,11731.78
SYN-012,2026-02-23,rev_per_exam,,insufficient_history,1,,,,0,suppressed,23059.77
SYN-012,2026-03-02,rev_per_exam,,insufficient_history,2,,,,0,suppressed,22870.89
SYN-012,2026-03-09,rev_per_exam,208.032679,ok,3,197.976479,184.513852,205.220958,7,cohort (fallback),23968.32
SYN-012,2026-03-16,rev_per_exam,201.48635,ok,4,196.411122,185.641479,202.609863,7,cohort (fallback),21172.85
SYN-012,2026-03-23,rev_per_exam,194.944123,ok,4,190.375848,186.664948,200.622976,8,cohort (fallback),20882.46
SYN-012,2026-03-30,rev_per_exam,195.046659,ok,4,191.416337,186.619041,197.505719,8,cohort (fallback),22137.46
SYN-012,2026-04-06,rev_per_exam,189.565247,ok,4,188.555536,184.707522,195.46002,9,cohort (fallback),20353.33
SYN-012,2026-04-13,rev_per_exam,195.587185,ok,4,187.298772,171.608334,196.449828,10,cohort (fallback),22098.35
SYN-012,2026-04-20,rev_per_exam,199.762547,ok,4,187.663923,171.297239,198.130284,10,cohort (fallback),20909.23
SYN-012,2026-04-27,rev_per_exam,195.288704,ok,4,187.162542,164.846195,200.462252,11,cohort (fallback),21003.81
SYN-012,2026-05-04,rev_per_exam,196.742573,ok,4,186.443927,160.658415,194.995486,12,cohort (fallback),23145.57
SYN-012,2026-05-11,rev_per_exam,191.180831,ok,4,184.50096,160.860938,193.595535,13,cohort (fallback),20016.86
SYN-012,2026-05-18,rev_per_exam,191.648244,ok,4,179.4055,163.116435,192.216382,12,cohort (fallback),22075.47
SYN-012,2026-05-25,rev_per_exam,199.611525,ok,4,176.629119,162.446118,189.653552,13,cohort (fallback),23788.84
SYN-012,2026-06-01,rev_per_exam,197.921678,ok,4,171.533399,162.429185,189.602667,13,cohort (fallback),20214.76
SYN-012,2026-06-08,rev_per_exam,201.722818,ok,4,169.673203,163.164044,189.736161,13,cohort (fallback),21266.91
SYN-012,2026-06-15,rev_per_exam,195.670509,ok,4,173.360583,167.889726,189.702685,13,cohort (fallback),19259.15
SYN-012,2026-06-22,rev_per_exam,191.170093,ok,4,172.253146,165.072414,191.150152,12,cohort (fallback),21653.49
SYN-012,2026-06-29,rev_per_exam,196.634828,ok,4,173.273143,165.175364,190.251152,12,cohort (fallback),23356.6
SYN-012,2026-07-06,rev_per_exam,192.007982,ok,4,174.788779,164.275796,190.986119,11,cohort (fallback),20406.28
SYN-012,2026-07-13,rev_per_exam,195.50639,ok,4,172.153199,163.444457,189.63323,12,cohort (fallback),21779.48
SYN-012,2026-07-20,rev_per_exam,193.629663,ok,4,169.67133,163.923469,183.356021,13,cohort (fallback),20622.84
SYN-012,2026-07-27,rev_per_exam,188.933622,ok,4,172.785241,163.872492,185.442926,13,cohort (fallback),20133.26
SYN-012,2026-08-03,rev_per_exam,195.122575,ok,4,170.771582,161.375935,186.50346,13,cohort (fallback),21562.25
SYN-012,2026-08-10,rev_per_exam,195.742648,ok,4,175.306925,161.109579,188.456221,13,cohort (fallback),23416.93
SYN-012,2026-08-17,rev_per_exam,199.92697,ok,4,169.074971,164.300224,188.314937,12,cohort (fallback),22655.5
SYN-013,2026-02-23,rev_per_exam,,insufficient_history,1,,,,0,suppressed,21738.03
SYN-013,2026-03-02,rev_per_exam,,insufficient_history,2,,,,0,suppressed,21358.19
SYN-013,2026-03-09,rev_per_exam,182.939384,ok,3,201.855577,192.032399,208.309509,7,cohort (fallback),22213.14
SYN-013,2026-03-16,rev_per_exam,181.047227,ok,4,200.95809,192.098874,202.873993,7,cohort (fallback),20869.12
SYN-013,2026-03-23,rev_per_exam,184.509605,ok,4,193.44024,188.457353,200.622976,8,cohort (fallback),24308.67
SYN-013,2026-03-30,rev_per_exam,186.339873,ok,4,192.616682,189.853517,198.814702,8,cohort (fallback),20747.83
SYN-013,2026-04-06,rev_per_exam,184.707522,ok,4,189.565247,187.0113,195.46002,9,cohort (fallback),19778.67
SYN-013,2026-04-13,rev_per_exam,187.427171,ok,4,191.37878,171.608334,196.449828,10,cohort (fallback),21943.61
SYN-013,2026-04-20,rev_per_exam,183.003028,ok,4,191.281053,172.046803,199.762376,10,cohort (fallback),21528.28
SYN-013,2026-04-27,rev_per_exam,184.228586,ok,4,188.252332,164.846195,200.462252,11,cohort (fallback),24073.79
SYN-013,2026-05-04,rev_per_exam,184.486926,ok,4,189.607415,160.658415,197.72453,12,cohort (fallback),20085.61
SYN-013,2026-05-11,rev_per_exam,184.50096,ok,4,189.362819,160.860938,193.595535,13,cohort (fallback),22688.28
SYN-013,2026-05-18,rev_per_exam,185.319312,ok,4,181.674543,163.116435,192.567955,12,cohort (fallback),22105.59
SYN-013,2026-05-25,rev_per_exam,182.4048,ok,4,176.629119,162.446118,193.734511,13,cohort (fallback),21762.8
SYN-013,2026-06-01,rev_per_exam,187.727442,ok,4,171.533399,162.429185,190.660337,13,cohort (fallback),22989.32
SYN-013,2026-06-08,rev_per_exam,189.665949,ok,4,169.673203,163.164044,189.966282,13,cohort (fallback),23043.95
SYN-013,2026-06-15,rev_per_exam,189.702685,ok,4,173.360583,167.889726,190.615466,13,cohort (fallback),21933.3
SYN-013,2026-06-22,rev_per_exam,186.117893,ok,4,191.809288,185.951863,206.234545,8,cohort x format,22114.49
SYN-013,2026-06-29,rev_per_exam,181.309558,ok,4,196.265685,184.504633,206.251957,9,cohort x format,23200.42
SYN-013,2026-07-06,rev_per_exam,177.003858,ok,4,197.517469,183.802156,205.814416,9,cohort x format,22669.75
SYN-013,2026-07-13,rev_per_exam,175.412235,ok,4,196.430081,186.844028,206.551594,9,cohort x format,21475.58
SYN-013,2026-07-20,rev_per_exam,178.587075,ok,4,195.507903,188.369612,207.732482,9,cohort x format,23019.31
SYN-013,2026-07-27,rev_per_exam,179.952679,ok,4,198.078766,191.504886,210.528078,9,cohort x format,23531.51
SYN-013,2026-08-03,rev_per_exam,178.402335,ok,4,202.042691,188.919352,208.754709,9,cohort x format,18320.33
SYN-013,2026-08-10,rev_per_exam,183.054103,ok,4,199.255913,190.41297,204.561273,9,cohort x format,23910.09
SYN-013,2026-08-17,rev_per_exam,186.98415,ok,4,202.292971,180.879588,207.284204,9,cohort x format,26608.24
SYN-014,2026-02-23,rev_per_exam,,insufficient_history,1,,,,0,suppressed,7091.34
SYN-014,2026-03-02,rev_per_exam,,insufficient_history,2,,,,0,suppressed,8309.46
SYN-014,2026-03-09,rev_per_exam,144.394494,ok,3,150.455696,148.429895,155.23328,7,cohort x format,7413.53
SYN-014,2026-03-16,rev_per_exam,142.339674,ok,4,151.676291,149.029682,155.976402,7,cohort x format,7788.7
SYN-014,2026-03-23,rev_per_exam,139.390925,ok,4,153.098471,150.316154,159.146792,6,cohort x format,8130.05
SYN-014,2026-03-30,rev_per_exam,139.409333,ok,4,155.449608,147.995822,157.782536,7,cohort x format,8034.82
SYN-014,2026-04-06,rev_per_exam,145.585299,ok,4,151.504731,145.679298,155.310379,6,cohort x format,10113.39
SYN-014,2026-04-13,rev_per_exam,148.89825,ok,4,152.311392,141.67574,157.830963,5,cohort x format,9457.32
SYN-014,2026-04-20,rev_per_exam,150.131538,ok,4,148.933246,120.558174,154.233801,6,cohort x format,9476.96
SYN-014,2026-04-27,rev_per_exam,152.894941,ok,4,145.383256,113.830733,155.921201,5,cohort x format,9940.54
SYN-014,2026-05-04,rev_per_exam,150.825993,ok,4,,,,0,suppressed,11395.72
SYN-014,2026-05-11,rev_per_exam,148.455161,ok,4,,,,0,suppressed,10605.77
SYN-014,2026-05-18,rev_per_exam,154.988955,ok,4,,,,0,suppressed,12539.8
SYN-014,2026-05-25,rev_per_exam,156.030805,ok,4,,,,0,suppressed,11955.89
SYN-014,2026-06-01,rev_per_exam,156.120673,ok,4,,,,0,suppressed,11266.38
SYN-014,2026-06-08,rev_per_exam,157.452886,ok,4,,,,0,suppressed,11158.89
SYN-014,2026-06-15,rev_per_exam,154.672185,ok,4,,,,0,suppressed,12329.84
SYN-014,2026-06-22,rev_per_exam,155.694263,ok,4,,,,0,suppressed,13821.5
SYN-014,2026-06-29,rev_per_exam,158.493793,ok,4,,,,0,suppressed,13249.29
SYN-014,2026-07-06,rev_per_exam,164.451526,ok,4,,,,0,suppressed,13388.31
SYN-014,2026-07-13,rev_per_exam,167.459133,ok,4,,,,0,suppressed,13630.2
SYN-014,2026-07-20,rev_per_exam,163.923469,ok,4,165.298828,162.888619,168.740814,7,cohort x format,12187.71
SYN-014,2026-07-27,rev_per_exam,165.833178,ok,4,163.872492,162.512106,170.458382,7,cohort x format,14026.23
SYN-014,2026-08-03,rev_per_exam,158.710526,ok,4,165.527242,159.911105,168.55732,7,cohort x format,11419.36
SYN-014,2026-08-10,rev_per_exam,157.881796,ok,4,162.085958,159.259029,170.898701,7,cohort x format,13362.52
SYN-014,2026-08-17,rev_per_exam,164.873773,ok,4,164.31006,162.804753,169.074971,7,cohort x format,14940.74
SYN-015,2026-02-23,rev_per_exam,,insufficient_history,1,,,,0,suppressed,36287.74
SYN-015,2026-03-02,rev_per_exam,,insufficient_history,2,,,,0,suppressed,31011.94
SYN-015,2026-03-09,rev_per_exam,190.148302,ok,3,204.694886,191.216516,209.431482,8,cohort x format,32338.03
SYN-015,2026-03-16,rev_per_exam,191.429986,ok,4,207.490275,191.893973,208.779923,8,cohort x format,36851.87
SYN-015,2026-03-23,rev_per_exam,188.353994,ok,4,205.522985,192.129529,209.962685,8,cohort x format,33717.85
SYN-015,2026-03-30,rev_per_exam,191.113697,ok,4,203.831132,192.792854,205.025501,8,cohort x format,33547.43
SYN-015,2026-04-06,rev_per_exam,195.812565,ok,4,202.162291,196.306102,204.042414,8,cohort x format,39413.46
SYN-015,2026-04-13,rev_per_exam,199.156439,ok,4,197.620722,194.643366,200.597161,8,cohort x format,35917.27
SYN-015,2026-04-20,rev_per_exam,202.305123,ok,4,196.300597,190.217216,198.97545,8,cohort x format,39209.19
SYN-015,2026-04-27,rev_per_exam,204.51996,ok,4,194.962164,190.01347,199.291305,8,cohort x format,38236.49
SYN-015,2026-05-04,rev_per_exam,201.018396,ok,4,193.238956,191.216694,202.529394,8,cohort x format,31973.35
SYN-015,2026-05-11,rev_per_exam,197.141512,ok,4,196.856246,186.835871,204.487203,8,cohort x format,32720.0
SYN-015,2026-05-18,rev_per_exam,190.740641,ok,4,200.93507,185.558736,205.850959,8,cohort x format,30970.09
SYN-015,2026-05-25,rev_per_exam,188.8292,ok,4,194.267532,180.890287,206.818723,7,cohort x format,36517.0
SYN-015,2026-06-01,rev_per_exam,187.36587,ok,4,193.447594,178.209689,211.889024,7,cohort x format,35445.8
SYN-015,2026-06-08,rev_per_exam,183.704599,ok,4,193.814801,182.484127,213.646569,7,cohort x format,32089.99
SYN-015,2026-06-15,rev_per_exam,188.406055,ok,4,190.65381,181.482104,212.369039,7,cohort x format,33483.63
SYN-015,2026-06-22,rev_per_exam,189.585505,ok,4,190.5815,185.192835,206.234545,8,cohort x format,37757.17
SYN-015,2026-06-29,rev_per_exam,196.265685,ok,4,188.946961,181.309558,206.251957,9,cohort x format,39943.16
SYN-015,2026-07-06,rev_per_exam,197.517469,ok,4,186.672664,180.815647,205.814416,9,cohort x format,32411.24
SYN-015,2026-07-13,rev_per_exam,196.430081,ok,4,191.058021,184.969962,206.551594,9,cohort x format,35639.55
SYN-015,2026-07-20,rev_per_exam,195.507903,ok,4,192.227542,181.125393,207.732482,9,cohort x format,32771.74
SYN-015,2026-07-27,rev_per_exam,186.543589,ok,4,198.078766,191.504886,210.528078,9,cohort x format,32742.68
SYN-015,2026-08-03,rev_per_exam,190.130167,ok,4,202.042691,187.9888,208.754709,9,cohort x format,35549.62
SYN-015,2026-08-10,rev_per_exam,185.149467,ok,4,199.255913,190.41297,204.561273,9,cohort x format,30947.53
SYN-015,2026-08-17,rev_per_exam,180.879588,ok,4,202.292971,186.98415,207.284204,9,cohort x format,32440.51
SYN-016,2026-02-23,rev_per_exam,,insufficient_history,1,,,,0,suppressed,28165.09
SYN-016,2026-03-02,rev_per_exam,,insufficient_history,2,,,,0,suppressed,26385.75
SYN-016,2026-03-09,rev_per_exam,195.610878,ok,3,204.694886,190.518684,211.366803,10,cohort (fallback),30148.67
SYN-016,2026-03-16,rev_per_exam,198.799541,ok,4,207.490275,191.595153,210.062397,10,cohort (fallback),28019.83
SYN-016,2026-03-23,rev_per_exam,200.93014,ok,4,202.576268,192.092909,209.622215,10,cohort (fallback),30377.79
SYN-016,2026-03-30,rev_per_exam,209.183761,ok,4,201.600044,191.874235,204.459511,10,cohort (fallback),30479.27
SYN-016,2026-04-06,rev_per_exam,206.314387,ok,4,202.051297,196.898143,203.565346,10,cohort (fallback),27278.11
SYN-016,2026-04-13,rev_per_exam,205.814577,ok,4,198.397929,196.787485,203.192822,10,cohort (fallback),28767.51
SYN-016,2026-04-20,rev_per_exam,203.632535,ok,4,197.391379,191.96318,202.304735,10,cohort (fallback),29138.39
SYN-016,2026-04-27,rev_per_exam,200.91669,ok,4,196.160037,192.276123,207.008247,10,cohort (fallback),28333.92
SYN-016,2026-05-04,rev_per_exam,201.111761,ok,4,197.238923,192.20429,207.113866,10,cohort (fallback),27991.66
SYN-016,2026-05-11,rev_per_exam,198.121051,ok,4,198.717758,189.240493,207.350125,10,cohort (fallback),27663.15
SYN-016,2026-05-18,rev_per_exam,203.796306,ok,4,204.296751,189.069084,209.760392,11,cohort (fallback),30748.59
SYN-016,2026-05-25,rev_per_exam,200.270212,ok,4,198.782181,188.927189,214.399221,10,cohort (fallback),26949.54
SYN-016,2026-06-01,rev_per_exam,200.815311,ok,4,199.955469,184.620031,217.141397,10,cohort (fallback),30709.97
SYN-016,2026-06-08,rev_per_exam,202.077111,ok,4,203.045573,185.14304,214.440581,10,cohort (fallback),28392.47
SYN-016,2026-06-15,rev_per_exam,194.15494,ok,4,200.914713,185.807494,212.574614,10,cohort (fallback),26363.73
SYN-016,2026-06-22,rev_per_exam,197.552098,ok,4,194.03307,186.623911,208.841313,11,cohort (fallback),27533.63
SYN-016,2026-06-29,rev_per_exam,206.23425,ok,4,200.098886,183.705864,208.512383,12,cohort (fallback),33201.35
SYN-016,2026-07-06,rev_per_exam,206.930919,ok,4,199.809823,183.055529,206.885056,12,cohort (fallback),30024.19
SYN-016,2026-07-13,rev_per_exam,212.282306,ok,4,198.497911,186.375512,214.090605,12,cohort (fallback),29817.18
SYN-016,2026-07-20,rev_per_exam,212.797674,ok,4,196.447597,186.558557,214.316026,12,cohort (fallback),29528.74
SYN-016,2026-07-27,rev_per_exam,203.478017,ok,4,200.350052,190.264562,215.81785,12,cohort (fallback),27629.75
SYN-016,2026-08-03,rev_per_exam,200.802758,ok,4,202.852781,188.686714,215.177823,12,cohort (fallback),25875.48
SYN-016,2026-08-10,rev_per_exam,200.052423,ok,4,201.190429,189.097094,210.666213,12,cohort (fallback),27595.02
SYN-016,2026-08-17,rev_per_exam,200.976721,ok,4,203.518963,186.98415,212.125758,13,cohort (fallback),29838.9
SYN-017,2026-02-23,rev_per_exam,,insufficient_history,1,,,,0,suppressed,31677.42
SYN-017,2026-03-02,rev_per_exam,,insufficient_history,2,,,,0,suppressed,29395.04
SYN-017,2026-03-09,rev_per_exam,203.805268,ok,3,198.607168,190.105369,209.431482,8,cohort x format,30232.3
SYN-017,2026-03-16,rev_per_exam,207.406246,ok,4,199.83248,191.398471,208.779923,8,cohort x format,35213.05
SYN-017,2026-03-23,rev_per_exam,202.175008,ok,4,200.5094,191.144448,209.962685,8,cohort x format,31923.34
SYN-017,2026-03-30,rev_per_exam,204.554984,ok,4,198.822509,190.511241,204.739083,8,cohort x format,33137.39
SYN-017,2026-04-06,rev_per_exam,200.95446,ok,4,201.762499,193.049368,204.042414,8,cohort x format,28136.12
SYN-017,2026-04-13,rev_per_exam,196.515972,ok,4,198.397929,195.457906,200.597161,8,cohort x format,31197.76
SYN-017,2026-04-20,rev_per_exam,196.916683,ok,4,196.775294,190.217216,202.303959,8,cohort x format,30404.74
SYN-017,2026-04-27,rev_per_exam,194.046768,ok,4,196.160037,190.01347,205.349389,8,cohort x format,31540.61
SYN-017,2026-05-04,rev_per_exam,194.153883,ok,4,196.323996,191.216694,203.050219,8,cohort x format,29367.99
SYN-017,2026-05-11,rev_per_exam,203.055742,ok,4,195.280001,186.835871,202.415899,8,cohort x format,36002.61
SYN-017,2026-05-18,rev_per_exam,204.296751,ok,4,194.157015,185.558736,205.850959,8,cohort x format,32000.04
SYN-017,2026-05-25,rev_per_exam,210.340615,ok,4,189.221155,180.694309,198.782181,7,cohort x format,35985.31
SYN-017,2026-06-01,rev_per_exam,217.425145,ok,4,187.36587,178.209689,199.955469,7,cohort x format,30815.63
SYN-017,2026-06-08,rev_per_exam,212.276345,ok,4,189.458365,179.607244,204.415798,7,cohort x format,33022.63
SYN-017,2026-06-15,rev_per_exam,213.470931,ok,4,188.406055,181.482104,201.30585,7,cohort x format,33168.82
SYN-017,2026-06-22,rev_per_exam,205.707049,ok,4,188.357718,185.192835,197.479061,8,cohort x format,34028.31
SYN-017,2026-06-29,rev_per_exam,206.251957,ok,4,188.946961,181.309558,203.932088,9,cohort x format,33637.76
SYN-017,2026-07-06,rev_per_exam,202.102177,ok,4,186.672664,180.815647,205.814416,9,cohort x format,29116.81
SYN-017,2026-07-13,rev_per_exam,200.565741,ok,4,191.058021,184.969962,206.551594,9,cohort x format,33183.72
SYN-017,2026-07-20,rev_per_exam,197.387291,ok,4,192.227542,181.125393,207.732482,9,cohort x format,29402.64
SYN-017,2026-07-27,rev_per_exam,198.078766,ok,4,193.084304,186.543589,210.528078,9,cohort x format,33482.61
SYN-017,2026-08-03,rev_per_exam,202.042691,ok,4,190.130167,187.9888,208.754709,9,cohort x format,33844.48
SYN-017,2026-08-10,rev_per_exam,203.124945,ok,4,191.299931,185.149467,204.561273,9,cohort x format,33473.36
SYN-017,2026-08-17,rev_per_exam,207.696715,ok,4,191.171458,180.879588,203.518963,9,cohort x format,29425.39
SYN-018,2026-02-23,rev_per_exam,,insufficient_history,1,,,,0,suppressed,10700.25
SYN-018,2026-03-02,rev_per_exam,,insufficient_history,2,,,,0,suppressed,11726.11
SYN-018,2026-03-09,rev_per_exam,150.455696,ok,3,149.918915,145.817361,155.23328,7,cohort x format,13231.64
SYN-018,2026-03-16,rev_per_exam,154.968333,ok,4,149.108339,148.725327,154.330381,7,cohort x format,13621.93
SYN-018,2026-03-23,rev_per_exam,160.749907,ok,4,150.8306,147.708247,153.71796,6,cohort x format,13021.04
SYN-018,2026-03-30,rev_per_exam,157.264073,ok,4,148.523292,143.438843,156.875304,7,cohort x format,11865.27
SYN-018,2026-04-06,rev_per_exam,156.526958,ok,4,148.46706,144.238418,151.582686,6,cohort x format,13458.71
SYN-018,2026-04-13,rev_per_exam,157.875315,ok,4,148.89825,141.67574,152.311392,5,cohort x format,14227.46
SYN-018,2026-04-20,rev_per_exam,154.923123,ok,4,147.916099,120.558174,151.65726,6,cohort x format,12037.96
SYN-018,2026-04-27,rev_per_exam,161.199377,ok,4,188.252332,175.890094,200.462252,11,cohort (fallback),14600.06
SYN-018,2026-05-04,rev_per_exam,161.171475,ok,4,189.607415,167.757607,197.72453,12,cohort (fallback),13771.65
SYN-018,2026-05-11,rev_per_exam,160.860938,ok,4,160.400641,156.088771,162.270347,5,cohort x format,14443.91
SYN-018,2026-05-18,rev_per_exam,161.136472,ok,4,163.776422,157.364914,167.32429,5,cohort x format,12454.19
SYN-018,2026-05-25,rev_per_exam,162.961276,ok,4,161.306319,159.859983,169.350762,6,cohort x format,14248.2
SYN-018,2026-06-01,rev_per_exam,159.336776,ok,4,162.620426,161.337948,167.570027,6,cohort x format,12231.52
SYN-018,2026-06-08,rev_per_exam,160.663453,ok,4,164.456412,157.167204,167.20319,6,cohort x format,14567.02
SYN-018,2026-06-15,rev_per_exam,168.414134,ok,4,163.945324,156.27919,168.72334,6,cohort x format,14361.51
SYN-018,2026-06-22,rev_per_exam,168.623501,ok,4,164.172409,159.363579,167.879991,6,cohort x format,15666.07
SYN-018,2026-06-29,rev_per_exam,177.063294,ok,4,164.31992,160.448993,168.217355,6,cohort x format,16138.11
SYN-018,2026-07-06,rev_per_exam,174.788779,ok,4,160.883425,160.718365,167.668167,5,cohort x format,13961.65
SYN-018,2026-07-13,rev_per_exam,171.126278,ok,4,163.288217,162.852463,164.768645,6,cohort x format,15839.63
SYN-018,2026-07-20,rev_per_exam,169.67133,ok,4,163.923469,162.888619,166.554563,7,cohort x format,15311.96
SYN-018,2026-07-27,rev_per_exam,168.131524,ok,4,163.872492,162.512106,169.309209,7,cohort x format,15582.24
SYN-018,2026-08-03,rev_per_exam,166.343058,ok,4,161.375935,158.5784,168.149412,7,cohort x format,13648.7
SYN-018,2026-08-10,rev_per_exam,166.490478,ok,4,161.109579,157.645137,168.696442,7,cohort x format,14727.71
SYN-018,2026-08-17,rev_per_exam,167.593305,ok,4,164.31006,162.804753,167.715205,7,cohort x format,14363.82
SYN-019,2026-02-23,rev_per_exam,,insufficient_history,1,,,,0,suppressed,26426.42
SYN-019,2026-03-02,rev_per_exam,,insufficient_history,2,,,,0,suppressed,25491.48
SYN-019,2026-03-09,rev_per_exam,191.629831,ok,3,204.694886,190.105369,209.431482,8,cohort x format,27416.85
SYN-019,2026-03-16,rev_per_exam,191.303927,ok,4,207.490275,191.925488,208.779923,8,cohort x format,25882.41
SYN-019,2026-03-23,rev_per_exam,192.147839,ok,4,205.522985,191.144448,209.962685,8,cohort x format,26121.98
SYN-019,2026-03-30,rev_per_exam,188.703872,ok,4,203.831132,193.39531,205.025501,8,cohort x format,23422.37
SYN-019,2026-04-06,rev_per_exam,184.759779,ok,4,202.162291,199.069298,204.042414,8,cohort x format,24897.8
SYN-019,2026-04-13,rev_per_exam,183.402546,ok,4,198.397929,197.330511,200.597161,8,cohort x format,24962.03
SYN-019,2026-04-20,rev_per_exam,183.007062,ok,4,197.391379,194.444067,202.303959,8,cohort x format,23894.55
SYN-019,2026-04-27,rev_per_exam,184.996157,ok,4,196.160037,193.456553,205.349389,8,cohort x format,25403.56
SYN-019,2026-05-04,rev_per_exam,188.373643,ok,4,197.238923,192.284116,203.050219,8,cohort x format,27084.88
SYN-019,2026-05-11,rev_per_exam,187.847828,ok,4,198.717758,191.013867,204.487203,8,cohort x format,23927.75
SYN-019,2026-05-18,rev_per_exam,187.397528,ok,4,200.93507,188.06607,205.850959,8,cohort x format,24403.68
SYN-019,2026-05-25,rev_per_exam,189.221155,ok,4,194.267532,180.694309,206.818723,7,cohort x format,24492.46
SYN-019,2026-06-01,rev_per_exam,183.704752,ok,4,193.447594,180.040248,211.889024,7,cohort x format,23437.4
SYN-019,2026-06-08,rev_per_exam,189.458365,ok,4,193.814801,179.607244,213.646569,7,cohort x format,27321.56
SYN-019,2026-06-15,rev_per_exam,190.65381,ok,4,188.406055,181.482104,212.369039,7,cohort x format,24841.83
SYN-019,2026-06-22,rev_per_exam,194.03307,ok,4,188.357718,185.192835,206.234545,8,cohort x format,29953.2
SYN-019,2026-06-29,rev_per_exam,188.946961,ok,4,196.265685,181.309558,206.251957,9,cohort x format,20481.61
SYN-019,2026-07-06,rev_per_exam,183.802156,ok,4,197.517469,180.815647,205.814416,9,cohort x format,23608.92
SYN-019,2026-07-13,rev_per_exam,184.969962,ok,4,196.430081,186.844028,206.551594,9,cohort x format,24360.29
SYN-019,2026-07-20,rev_per_exam,181.125393,ok,4,195.507903,188.369612,207.732482,9,cohort x format,25915.51
SYN-019,2026-07-27,rev_per_exam,191.504886,ok,4,198.078766,186.543589,210.528078,9,cohort x format,26846.85
SYN-019,2026-08-03,rev_per_exam,188.919352,ok,4,202.042691,187.9888,208.754709,9,cohort x format,22060.01
SYN-019,2026-08-10,rev_per_exam,190.41297,ok,4,199.255913,185.149467,204.561273,9,cohort x format,26477.33
SYN-019,2026-08-17,rev_per_exam,179.69559,ok,4,202.292971,186.98415,207.284204,9,cohort x format,22010.82
SYN-020,2026-04-06,rev_per_exam,,insufficient_history,1,151.34882,144.687378,154.093799,7,cohort x format,3636.75
SYN-020,2026-04-13,rev_per_exam,,insufficient_history,2,150.604821,143.481367,156.451071,6,cohort x format,4550.38
SYN-020,2026-04-20,rev_per_exam,112.177345,ok,3,151.148686,146.808379,154.233801,6,cohort x format,4488.91
SYN-020,2026-04-27,rev_per_exam,113.830733,ok,4,152.894941,145.383256,155.921201,5,cohort x format,4398.57
SYN-020,2026-05-04,rev_per_exam,113.953602,ok,4,,,,0,suppressed,4908.67
SYN-020,2026-05-11,rev_per_exam,118.40386,ok,4,,,,0,suppressed,6450.91
SYN-020,2026-05-18,rev_per_exam,121.088492,ok,4,,,,0,suppressed,5916.69
SYN-020,2026-05-25,rev_per_exam,121.662158,ok,4,,,,0,suppressed,5839.54
SYN-020,2026-06-01,rev_per_exam,127.02829,ok,4,,,,0,suppressed,6309.32
SYN-020,2026-06-08,rev_per_exam,121.124874,ok,4,,,,0,suppressed,6038.3
SYN-020,2026-06-15,rev_per_exam,121.906068,ok,4,,,,0,suppressed,6925.49
SYN-020,2026-06-22,rev_per_exam,124.665728,ok,4,,,,0,suppressed,7280.69
SYN-020,2026-06-29,rev_per_exam,127.202089,ok,4,,,,0,suppressed,8375.99
SYN-020,2026-07-06,rev_per_exam,132.778776,ok,4,,,,0,suppressed,8886.4
SYN-020,2026-07-13,rev_per_exam,140.19205,ok,4,,,,0,suppressed,8962.82
SYN-020,2026-07-20,rev_per_exam,142.48148,ok,4,,,,0,suppressed,9395.16
SYN-020,2026-07-27,rev_per_exam,144.995977,ok,4,,,,0,suppressed,9874.59
SYN-020,2026-08-03,rev_per_exam,145.005817,ok,4,,,,0,suppressed,8163.89
SYN-020,2026-08-10,rev_per_exam,144.452077,ok,4,,,,0,suppressed,10123.9
SYN-020,2026-08-17,rev_per_exam,140.15943,ok,4,,,,0,suppressed,8699.55
SYN-021,2026-02-23,rev_per_exam,,insufficient_history,1,,,,0,suppressed,22637.04
SYN-021,2026-03-02,rev_per_exam,,insufficient_history,2,,,,0,suppressed,22384.07
SYN-021,2026-03-09,rev_per_exam,208.586338,ok,3,197.976479,184.513852,204.944128,7,cohort (fallback),22769.45
SYN-021,2026-03-16,rev_per_exam,204.261636,ok,4,196.411122,185.641479,201.22222,7,cohort (fallback),22084.56
SYN-021,2026-03-23,rev_per_exam,207.892103,ok,4,190.375848,186.664948,195.758076,8,cohort (fallback),25689.69
SYN-021,2026-03-30,rev_per_exam,210.118831,ok,4,191.416337,186.619041,193.737676,8,cohort (fallback),22959.18
SYN-021,2026-04-06,rev_per_exam,213.378214,ok,4,188.555536,184.707522,191.888024,9,cohort (fallback),27207.17
SYN-021,2026-04-13,rev_per_exam,222.509512,ok,4,187.298772,171.608334,196.03247,10,cohort (fallback),24495.75
SYN-021,2026-04-20,rev_per_exam,218.660844,ok,4,187.663923,171.297239,198.130284,10,cohort (fallback),23735.28
SYN-021,2026-04-27,rev_per_exam,219.486338,ok,4,187.162542,164.846195,196.139578,11,cohort (fallback),24647.57
SYN-021,2026-05-04,rev_per_exam,217.134439,ok,4,186.443927,160.658415,194.013529,12,cohort (fallback),23963.36
SYN-021,2026-05-11,rev_per_exam,211.39882,ok,4,184.50096,160.860938,191.686312,13,cohort (fallback),22571.86
SYN-021,2026-05-18,rev_per_exam,209.881806,ok,4,179.4055,163.116435,191.296672,12,cohort (fallback),21794.85
SYN-021,2026-05-25,rev_per_exam,207.38759,ok,4,176.629119,162.446118,189.653552,13,cohort (fallback),23750.02
SYN-021,2026-06-01,rev_per_exam,206.890837,ok,4,171.533399,162.429185,189.602667,13,cohort (fallback),23329.02
SYN-021,2026-06-08,rev_per_exam,208.448393,ok,4,169.673203,163.164044,189.736161,13,cohort (fallback),24510.99
SYN-021,2026-06-15,rev_per_exam,212.080538,ok,4,173.360583,167.889726,189.702685,13,cohort (fallback),27027.42
SYN-021,2026-06-22,rev_per_exam,212.384639,ok,4,172.253146,165.072414,190.474823,12,cohort (fallback),22192.35
SYN-021,2026-06-29,rev_per_exam,218.889404,ok,4,173.273143,165.175364,189.895719,12,cohort (fallback),25426.14
SYN-021,2026-07-06,rev_per_exam,221.348491,ok,4,174.788779,164.275796,189.687469,11,cohort (fallback),23632.82
SYN-021,2026-07-13,rev_per_exam,216.273333,ok,4,172.153199,163.444457,189.047894,12,cohort (fallback),23476.41
SYN-021,2026-07-20,rev_per_exam,214.100543,ok,4,169.67133,163.923469,183.356021,13,cohort (fallback),22097.07
SYN-021,2026-07-27,rev_per_exam,207.300601,ok,4,172.785241,163.872492,185.442926,13,cohort (fallback),23871.67
SYN-021,2026-08-03,rev_per_exam,203.890153,ok,4,170.771582,161.375935,186.50346,13,cohort (fallback),23936.54
SYN-021,2026-08-10,rev_per_exam,208.897363,ok,4,175.306925,161.109579,188.456221,13,cohort (fallback),25143.02
SYN-021,2026-08-17,rev_per_exam,212.569047,ok,4,202.292971,186.98415,207.696715,13,cohort (fallback),22917.41
SYN-022,2026-02-23,rev_per_exam,,insufficient_history,1,,,,0,suppressed,32424.81
SYN-022,2026-03-02,rev_per_exam,,insufficient_history,2,,,,0,suppressed,33449.07
SYN-022,2026-03-09,rev_per_exam,207.51671,ok,3,197.717549,190.105369,207.982327,8,cohort x format,29998.84
SYN-022,2026-03-16,rev_per_exam,208.126026,ok,4,199.74845,191.398471,208.366133,8,cohort x format,33997.92
SYN-022,2026-03-23,rev_per_exam,210.232841,ok,4,197.161423,191.144448,209.121379,8,cohort x format,33529.23
SYN-022,2026-03-30,rev_per_exam,203.489171,ok,4,199.16447,190.511241,205.025501,8,cohort x format,30061.72
SYN-022,2026-04-06,rev_per_exam,205.278394,ok,4,200.554668,193.049368,203.435197,8,cohort x format,32762.91
SYN-022,2026-04-13,rev_per_exam,204.760303,ok,4,197.620722,194.643366,199.192161,8,cohort x format,32235.61
SYN-022,2026-04-20,rev_per_exam,204.179809,ok,4,196.300597,190.217216,198.97545,8,cohort x format,33368.86
SYN-022,2026-04-27,rev_per_exam,207.837676,ok,4,194.962164,190.01347,198.461876,8,cohort x format,31323.33
SYN-022,2026-05-04,rev_per_exam,209.145689,ok,4,193.238956,191.216694,200.497571,8,cohort x format,35043.13
SYN-022,2026-05-11,rev_per_exam,208.781586,ok,4,195.280001,186.835871,200.984438,8,cohort x format,33258.55
SYN-022,2026-05-18,rev_per_exam,208.38471,ok,4,194.157015,185.558736,204.474157,8,cohort x format,33532.82
SYN-022,2026-05-25,rev_per_exam,,red,3,191.744343,184.761755,205.057777,8,cohort x format,29413.05
SYN-022,2026-06-01,rev_per_exam,,red,2,190.406732,180.957221,209.176185,8,cohort x format,29025.97
SYN-022,2026-06-08,rev_per_exam,,red,1,191.636583,181.655921,212.961457,8,cohort x format,28411.47
SYN-022,2026-06-15,rev_per_exam,,insufficient_history,1,189.529932,183.211705,212.163465,8,cohort x format,35587.35
SYN-022,2026-06-22,rev_per_exam,,insufficient_history,2,189.585505,186.117893,205.707049,9,cohort x format,34796.02
SYN-022,2026-06-29,rev_per_exam,214.657708,ok,3,188.946961,181.309558,203.932088,9,cohort x format,35442.88
SYN-022,2026-07-06,rev_per_exam,217.176215,ok,4,186.672664,180.815647,202.102177,9,cohort x format,35338.29
SYN-022,2026-07-13,rev_per_exam,217.147814,ok,4,191.058021,184.969962,200.565741,9,cohort x format,34483.15
SYN-022,2026-07-20,rev_per_exam,219.020157,ok,4,192.227542,181.125393,197.387291,9,cohort x format,33813.48
SYN-022,2026-07-27,rev_per_exam,218.639829,ok,4,193.084304,186.543589,202.621339,9,cohort x format,36731.85
SYN-022,2026-08-03,rev_per_exam,216.789118,ok,4,190.130167,187.9888,203.662872,9,cohort x format,35017.29
SYN-022,2026-08-10,rev_per_exam,216.958563,ok,4,191.299931,185.149467,203.124945,9,cohort x format,36328.28
SYN-022,2026-08-17,rev_per_exam,215.826505,ok,4,191.171458,180.879588,203.518963,9,cohort x format,33936.42
SYN-023,2026-05-04,rev_per_exam,,insufficient_history,1,149.795291,113.953602,150.825993,5,cohort x format,4768.95
SYN-023,2026-05-11,rev_per_exam,,insufficient_history,2,,,,0,suppressed,4981.76
SYN-023,2026-05-18,rev_per_exam,130.381491,ok,3,,,,0,suppressed,5112.78
SYN-023,2026-05-25,rev_per_exam,135.52141,ok,4,,,,0,suppressed,6277.85
SYN-023,2026-06-01,rev_per_exam,131.198869,ok,4,,,,0,suppressed,5669.02
SYN-023,2026-06-08,rev_per_exam,134.276761,ok,4,,,,0,suppressed,6573.06
SYN-023,2026-06-15,rev_per_exam,137.353369,ok,4,,,,0,suppressed,7165.15
SYN-023,2026-06-22,rev_per_exam,134.859378,ok,4,,,,0,suppressed,6620.63
SYN-023,2026-06-29,rev_per_exam,141.967562,ok,4,,,,0,suppressed,8176.64
SYN-023,2026-07-06,rev_per_exam,146.330625,ok,4,,,,0,suppressed,8474.35
SYN-023,2026-07-13,rev_per_exam,145.590833,ok,4,,,,0,suppressed,8176.0
SYN-023,2026-07-20,rev_per_exam,150.391703,ok,4,,,,0,suppressed,9612.71
SYN-023,2026-07-27,rev_per_exam,148.115254,ok,4,,,,0,suppressed,8692.14
SYN-023,2026-08-03,rev_per_exam,145.858807,ok,4,,,,0,suppressed,8962.84
SYN-023,2026-08-10,rev_per_exam,149.200667,ok,4,,,,0,suppressed,10778.48
SYN-023,2026-08-17,rev_per_exam,149.875095,ok,4,,,,0,suppressed,10983.69
SYN-024,2026-02-23,rev_per_exam,,insufficient_history,1,,,,0,suppressed,18438.86
SYN-024,2026-03-02,rev_per_exam,,insufficient_history,2,,,,0,suppressed,23060.21
SYN-024,2026-03-09,rev_per_exam,181.820115,ok,3,201.855577,192.032399,208.309509,7,cohort (fallback),21956.15
SYN-024,2026-03-16,rev_per_exam,183.496333,ok,4,200.95809,192.098874,202.873993,7,cohort (fallback),22604.56
SYN-024,2026-03-23,rev_per_exam,187.383396,ok,4,193.44024,187.738905,200.622976,8,cohort (fallback),21760.96
SYN-024,2026-03-30,rev_per_exam,186.712096,ok,4,192.616682,189.760461,198.814702,8,cohort (fallback),22740.0
SYN-024,2026-04-06,rev_per_exam,187.0113,ok,4,189.565247,184.707522,195.46002,9,cohort (fallback),22098.87
SYN-024,2026-04-13,rev_per_exam,187.170374,ok,4,191.507178,171.608334,196.449828,10,cohort (fallback),23429.12
SYN-024,2026-04-20,rev_per_exam,189.326563,ok,4,189.618412,171.297239,199.762376,10,cohort (fallback),23176.74
SYN-024,2026-04-27,rev_per_exam,187.162542,ok,4,188.252332,164.846195,200.462252,11,cohort (fallback),21133.29
SYN-024,2026-05-04,rev_per_exam,188.400928,ok,4,187.650415,160.658415,197.72453,12,cohort (fallback),23635.3
SYN-024,2026-05-11,rev_per_exam,189.362819,ok,4,184.50096,160.860938,193.595535,13,cohort (fallback),24085.0
SYN-024,2026-05-18,rev_per_exam,189.857397,ok,4,179.4055,163.116435,192.567955,12,cohort (fallback),23037.39
SYN-024,2026-05-25,rev_per_exam,189.653552,ok,4,176.629119,162.446118,193.734511,13,cohort (fallback),21603.59
SYN-024,2026-06-01,rev_per_exam,190.660337,ok,4,171.533399,162.429185,189.602667,13,cohort (fallback),21837.68
SYN-024,2026-06-08,rev_per_exam,189.736161,ok,4,169.673203,163.164044,189.966282,13,cohort (fallback),20989.71
SYN-024,2026-06-15,rev_per_exam,187.901444,ok,4,173.360583,167.889726,190.615466,13,cohort (fallback),21439.98
SYN-024,2026-06-22,rev_per_exam,190.243067,ok,4,172.253146,165.072414,191.845421,12,cohort (fallback),23815.17
SYN-024,2026-06-29,rev_per_exam,185.706794,ok,4,173.273143,165.175364,196.990261,12,cohort (fallback),21223.04
SYN-024,2026-07-06,rev_per_exam,187.366957,ok,4,174.788779,164.275796,193.306632,11,cohort (fallback),24020.05
SYN-024,2026-07-13,rev_per_exam,186.895061,ok,4,172.153199,163.444457,196.091726,12,cohort (fallback),22146.53
SYN-024,2026-07-20,rev_per_exam,182.997101,ok,4,169.67133,163.923469,192.713981,13,cohort (fallback),20997.98
SYN-024,2026-07-27,rev_per_exam,185.442926,ok,4,172.785241,163.872492,188.933622,13,cohort (fallback),20920.83
SYN-024,2026-08-03,rev_per_exam,186.50346,ok,4,170.771582,161.375935,191.635678,13,cohort (fallback),24337.3
SYN-024,2026-08-10,rev_per_exam,188.456221,ok,4,175.306925,161.109579,188.45733,13,cohort (fallback),22506.77
SYN-024,2026-08-17,rev_per_exam,190.292196,ok,4,169.074971,164.300224,188.97435,12,cohort (fallback),21482.14
SYN-025,2026-02-23,rev_per_exam,,insufficient_history,1,,,,0,suppressed,13471.34
SYN-025,2026-03-02,rev_per_exam,,insufficient_history,2,,,,0,suppressed,11711.8
SYN-025,2026-03-09,rev_per_exam,166.455302,ok,3,149.918915,145.817361,151.585721,7,cohort x format,13434.49
SYN-025,2026-03-16,rev_per_exam,166.228766,ok,4,149.108339,148.725327,153.322312,7,cohort x format,13910.66
SYN-025,2026-03-23,rev_per_exam,165.022437,ok,4,150.8306,147.708247,153.71796,6,cohort x format,13750.23
SYN-025,2026-03-30,rev_per_exam,168.906297,ok,4,148.523292,143.438843,156.35684,7,cohort x format,12279.01
SYN-025,2026-04-06,rev_per_exam,167.455062,ok,4,189.565247,187.0113,195.46002,9,cohort (fallback),13645.72
SYN-025,2026-04-13,rev_per_exam,167.709617,ok,4,191.507178,184.270958,196.449828,10,cohort (fallback),12818.15
SYN-025,2026-04-20,rev_per_exam,167.395309,ok,4,191.281053,183.752592,199.762376,10,cohort (fallback),12647.48
SYN-025,2026-04-27,rev_per_exam,167.551601,ok,4,188.252332,173.184688,200.462252,11,cohort (fallback),12159.44
SYN-025,2026-05-04,rev_per_exam,170.637065,ok,4,189.607415,160.658415,197.72453,12,cohort (fallback),15272.42
SYN-025,2026-05-11,rev_per_exam,174.642378,ok,4,160.400641,156.088771,160.860938,5,cohort x format,13535.87
SYN-025,2026-05-18,rev_per_exam,173.491688,ok,4,161.136472,157.364914,163.776422,5,cohort x format,12467.71
SYN-025,2026-05-25,rev_per_exam,176.629119,ok,4,161.306319,159.859983,162.832486,6,cohort x format,14892.06
SYN-025,2026-06-01,rev_per_exam,169.156146,ok,4,161.701694,159.746133,162.716046,6,cohort x format,12219.39
SYN-025,2026-06-08,rev_per_exam,165.74878,ok,4,161.913749,156.542056,166.557006,6,cohort x format,14786.44
SYN-025,2026-06-15,rev_per_exam,167.889726,ok,4,164.207528,156.27919,168.854443,6,cohort x format,13169.94
SYN-025,2026-06-22,rev_per_exam,168.515848,ok,4,164.172409,159.363579,167.960731,6,cohort x format,15434.46
SYN-025,2026-06-29,rev_per_exam,169.482991,ok,4,164.31992,160.448993,168.217355,6,cohort x format,12708.03
SYN-025,2026-07-06,rev_per_exam,171.858056,ok,4,160.883425,160.718365,167.668167,5,cohort x format,14369.58
SYN-025,2026-07-13,rev_per_exam,173.18012,ok,4,163.288217,162.852463,164.768645,6,cohort x format,15156.91
SYN-025,2026-07-20,rev_per_exam,170.373595,ok,4,163.923469,162.888619,166.554563,7,cohort x format,14159.14
SYN-025,2026-07-27,rev_per_exam,172.785241,ok,4,163.872492,162.512106,166.982351,7,cohort x format,13679.07
SYN-025,2026-08-03,rev_per_exam,170.771582,ok,4,161.375935,158.5784,165.93515,7,cohort x format,14213.36
SYN-025,2026-08-10,rev_per_exam,175.306925,ok,4,161.109579,157.645137,164.288218,7,cohort x format,16676.25
SYN-025,2026-08-17,rev_per_exam,170.556637,ok,4,164.31006,162.804753,166.233539,7,cohort x format,12738.35
SYN-026,2026-02-23,rev_per_exam,,insufficient_history,1,,,,0,suppressed,23071.75
SYN-026,2026-03-02,rev_per_exam,,insufficient_history,2,,,,0,suppressed,24194.12
SYN-026,2026-03-09,rev_per_exam,197.976479,ok,3,201.855577,184.513852,208.309509,7,cohort (fallback),23015.78
SYN-026,2026-03-16,rev_per_exam,200.95809,ok,4,196.411122,185.641479,202.873993,7,cohort (fallback),23364.82
SYN-026,2026-03-23,rev_per_exam,198.199934,ok,4,190.375848,186.664948,198.181118,8,cohort (fallback),19804.45
SYN-026,2026-03-30,rev_per_exam,193.301348,ok,4,191.416337,186.619041,198.814702,8,cohort (fallback),19834.05
SYN-026,2026-04-06,rev_per_exam,188.555536,ok,4,189.565247,184.707522,195.46002,9,cohort (fallback),21469.56
SYN-026,2026-04-13,rev_per_exam,183.304486,ok,4,191.507178,172.574806,196.449828,10,cohort (fallback),22662.09
SYN-026,2026-04-20,rev_per_exam,186.001282,ok,4,191.281053,171.297239,199.762376,10,cohort (fallback),23082.9
SYN-026,2026-04-27,rev_per_exam,188.252332,ok,4,187.162542,164.846195,200.462252,11,cohort (fallback),22393.56
SYN-026,2026-05-04,rev_per_exam,190.813903,ok,4,186.443927,160.658415,197.72453,12,cohort (fallback),22307.24
SYN-026,2026-05-11,rev_per_exam,193.595535,ok,4,184.50096,160.860938,191.686312,13,cohort (fallback),24561.37
SYN-026,2026-05-18,rev_per_exam,195.327086,ok,4,179.4055,163.116435,191.296672,12,cohort (fallback),23908.85
SYN-026,2026-05-25,rev_per_exam,196.422564,ok,4,176.629119,162.446118,189.653552,13,cohort (fallback),21933.99
SYN-026,2026-06-01,rev_per_exam,200.000723,ok,4,171.533399,162.429185,189.602667,13,cohort (fallback),23596.13
SYN-026,2026-06-08,rev_per_exam,201.610436,ok,4,169.673203,163.164044,189.736161,13,cohort (fallback),23100.22
SYN-026,2026-06-15,rev_per_exam,198.224022,ok,4,173.360583,167.889726,189.702685,13,cohort (fallback),20570.47
SYN-026,2026-06-22,rev_per_exam,200.30411,ok,4,172.253146,165.072414,190.474823,12,cohort (fallback),23871.55
SYN-026,2026-06-29,rev_per_exam,199.882445,ok,4,173.273143,165.175364,189.895719,12,cohort (fallback),24003.92
SYN-026,2026-07-06,rev_per_exam,194.605281,ok,4,174.788779,164.275796,189.687469,11,cohort (fallback),21461.7
SYN-026,2026-07-13,rev_per_exam,197.923512,ok,4,172.153199,163.444457,189.047894,12,cohort (fallback),23093.11
SYN-026,2026-07-20,rev_per_exam,193.825751,ok,4,169.67133,163.923469,183.356021,13,cohort (fallback),21764.07
SYN-026,2026-07-27,rev_per_exam,190.199915,ok,4,172.785241,163.872492,185.442926,13,cohort (fallback),22884.88
SYN-026,2026-08-03,rev_per_exam,192.284816,ok,4,170.771582,161.375935,186.50346,13,cohort (fallback),20901.24
SYN-026,2026-08-10,rev_per_exam,190.267289,ok,4,175.306925,161.109579,188.456221,13,cohort (fallback),22163.03
SYN-026,2026-08-17,rev_per_exam,192.929848,ok,4,169.074971,164.300224,188.314937,12,cohort (fallback),22991.51
SYN-027,2026-02-23,rev_per_exam,,insufficient_history,1,,,,0,suppressed,9577.67
SYN-027,2026-03-02,rev_per_exam,,insufficient_history,2,,,,0,suppressed,9755.5
SYN-027,2026-03-09,rev_per_exam,144.693846,ok,3,150.455696,148.429895,155.23328,7,cohort x format,10763.15
SYN-027,2026-03-16,rev_per_exam,149.108339,ok,4,151.676291,148.725327,155.976402,7,cohort x format,11206.69
SYN-027,2026-03-23,rev_per_exam,151.859491,ok,4,152.06958,147.708247,159.146792,6,cohort x format,10036.02
SYN-027,2026-03-30,rev_per_exam,158.301,ok,4,148.523292,143.438843,156.35684,7,cohort x format,12318.42
SYN-027,2026-04-06,rev_per_exam,159.421649,ok,4,148.46706,144.238418,151.582686,6,cohort x format,12830.57
SYN-027,2026-04-13,rev_per_exam,157.830963,ok,4,148.89825,141.67574,152.311392,5,cohort x format,12322.11
SYN-027,2026-04-20,rev_per_exam,162.298917,ok,4,147.916099,120.558174,151.65726,6,cohort x format,13490.76
SYN-027,2026-04-27,rev_per_exam,163.238738,ok,4,145.383256,113.830733,152.894941,5,cohort x format,11797.33
SYN-027,2026-05-04,rev_per_exam,166.577049,ok,4,,,,0,suppressed,13195.8
SYN-027,2026-05-11,rev_per_exam,171.919668,ok,4,,,,0,suppressed,13263.93
SYN-027,2026-05-18,rev_per_exam,172.811495,ok,4,,,,0,suppressed,13759.2
SYN-027,2026-05-25,rev_per_exam,171.65231,ok,4,161.306319,159.859983,162.832486,6,cohort x format,11791.72
SYN-027,2026-06-01,rev_per_exam,171.533399,ok,4,161.701694,159.746133,162.716046,6,cohort x format,13159.77
SYN-027,2026-06-08,rev_per_exam,169.673203,ok,4,161.913749,156.542056,165.102596,6,cohort x format,13209.31
SYN-027,2026-06-15,rev_per_exam,173.360583,ok,4,163.945324,156.27919,168.283032,6,cohort x format,15407.62
SYN-027,2026-06-22,rev_per_exam,175.88279,ok,4,164.172409,159.363579,167.879991,6,cohort x format,14329.91
SYN-027,2026-06-29,rev_per_exam,168.946204,ok,4,164.31992,160.448993,168.619945,6,cohort x format,11791.73
SYN-027,2026-07-06,rev_per_exam,,red,3,164.275796,160.75963,170.810583,6,cohort x format,11093.8
SYN-027,2026-07-13,rev_per_exam,163.600697,ok,3,164.066849,162.852463,169.634199,6,cohort x format,13796.93
SYN-027,2026-07-20,rev_per_exam,165.298828,ok,3,163.923469,162.888619,168.740814,7,cohort x format,13917.76
SYN-027,2026-07-27,rev_per_exam,175.585714,ok,3,163.872492,162.512106,166.982351,7,cohort x format,15303.81
SYN-027,2026-08-03,rev_per_exam,175.176246,ok,4,161.375935,158.5784,165.93515,7,cohort x format,13913.78
SYN-027,2026-08-10,rev_per_exam,177.40179,ok,4,161.109579,157.645137,164.288218,7,cohort x format,14342.83
SYN-027,2026-08-17,rev_per_exam,177.904816,ok,4,164.31006,162.804753,166.233539,7,cohort x format,14436.55
SYN-028,2026-02-23,rev_per_exam,,insufficient_history,1,,,,0,suppressed,10867.87
SYN-028,2026-03-02,rev_per_exam,,insufficient_history,2,,,,0,suppressed,11677.64
SYN-028,2026-03-09,rev_per_exam,157.750814,ok,3,149.918915,145.817361,151.585721,7,cohort x format,12317.42
SYN-028,2026-03-16,rev_per_exam,156.984471,ok,4,149.108339,148.725327,153.322312,7,cohort x format,11133.52
SYN-028,2026-03-23,rev_per_exam,154.33745,ok,4,150.8306,147.708247,158.527303,6,cohort x format,11481.33
SYN-028,2026-03-30,rev_per_exam,155.449608,ok,4,148.523292,143.438843,157.782536,7,cohort x format,12635.31
SYN-028,2026-04-06,rev_per_exam,151.660641,ok,4,148.46706,144.238418,155.232423,6,cohort x format,12067.96
SYN-028,2026-04-13,rev_per_exam,152.311392,ok,4,148.89825,141.67574,157.830963,5,cohort x format,11945.8
SYN-028,2026-04-20,rev_per_exam,152.165833,ok,4,147.916099,120.558174,153.725227,6,cohort x format,10826.67
SYN-028,2026-04-27,rev_per_exam,155.921201,ok,4,145.383256,113.830733,152.894941,5,cohort x format,13183.3
SYN-028,2026-05-04,rev_per_exam,158.702345,ok,4,189.607415,168.270667,197.72453,12,cohort (fallback),12765.85
SYN-028,2026-05-11,rev_per_exam,160.400641,ok,4,160.860938,156.088771,162.270347,5,cohort x format,13269.18
SYN-028,2026-05-18,rev_per_exam,167.32429,ok,4,161.136472,157.364914,163.776422,5,cohort x format,13823.47
SYN-028,2026-05-25,rev_per_exam,162.446118,ok,4,161.563898,159.859983,169.479552,6,cohort x format,12449.15
SYN-028,2026-06-01,rev_per_exam,162.429185,ok,4,161.892935,159.746133,167.570027,6,cohort x format,12273.11
SYN-028,2026-06-08,rev_per_exam,163.164044,ok,4,163.206117,156.542056,167.20319,6,cohort x format,13503.6
SYN-028,2026-06-15,rev_per_exam,160.000923,ok,4,168.15193,158.25139,168.854443,6,cohort x format,13774.44
SYN-028,2026-06-22,rev_per_exam,162.3724,ok,4,167.244133,160.263584,168.596588,6,cohort x format,13219.88
SYN-028,2026-06-29,rev_per_exam,162.60903,ok,4,167.488506,161.304438,169.348794,6,cohort x format,13163.06
SYN-028,2026-07-06,rev_per_exam,160.309639,ok,4,167.668167,160.883425,171.858056,5,cohort x format,13065.42
SYN-028,2026-07-13,rev_per_exam,162.811372,ok,4,164.379329,163.131977,169.634199,6,cohort x format,13953.77
SYN-028,2026-07-20,rev_per_exam,162.483659,ok,4,165.298828,163.608524,168.740814,7,cohort x format,13112.39
SYN-028,2026-07-27,rev_per_exam,162.764264,ok,4,165.833178,163.066219,170.458382,7,cohort x format,14068.92
SYN-028,2026-08-03,rev_per_exam,165.527242,ok,4,161.375935,158.5784,168.55732,7,cohort x format,13488.91
SYN-028,2026-08-10,rev_per_exam,162.085958,ok,4,161.109579,157.645137,170.898701,7,cohort x format,13466.49
SYN-028,2026-08-17,rev_per_exam,164.31006,ok,4,164.873773,162.804753,169.074971,7,cohort x format,14019.55
SYN-029,2026-02-23,rev_per_exam,,insufficient_history,1,,,,0,suppressed,20278.51
SYN-029,2026-03-02,rev_per_exam,,insufficient_history,2,,,,0,suppressed,21817.45
SYN-029,2026-03-09,rev_per_exam,201.855577,ok,3,197.976479,184.513852,208.309509,7,cohort (fallback),20882.98
SYN-029,2026-03-16,rev_per_exam,196.411122,ok,4,200.95809,185.641479,202.873993,7,cohort (fallback),19317.32
SYN-029,2026-03-23,rev_per_exam,191.936357,ok,4,191.879731,186.664948,200.622976,8,cohort (fallback),18595.52
SYN-029,2026-03-30,rev_per_exam,190.900657,ok,4,192.616682,186.619041,198.814702,8,cohort (fallback),19664.35
SYN-029,2026-04-06,rev_per_exam,191.888024,ok,4,188.555536,184.707522,195.46002,9,cohort (fallback),22056.34
SYN-029,2026-04-13,rev_per_exam,196.180898,ok,4,187.298772,171.608334,196.3014,10,cohort (fallback),20510.32
SYN-029,2026-04-20,rev_per_exam,199.761864,ok,4,187.663923,171.297239,198.130796,10,cohort (fallback),20270.64
SYN-029,2026-04-27,rev_per_exam,203.934052,ok,4,187.162542,164.846195,196.139578,11,cohort (fallback),23222.87
SYN-029,2026-05-04,rev_per_exam,200.670402,ok,4,186.443927,160.658415,194.013529,12,cohort (fallback),20879.75
SYN-029,2026-05-11,rev_per_exam,200.399977,ok,4,184.50096,160.860938,191.686312,13,cohort (fallback),21397.93
SYN-029,2026-05-18,rev_per_exam,200.36643,ok,4,179.4055,163.116435,191.296672,12,cohort (fallback),19254.45
SYN-029,2026-05-25,rev_per_exam,193.734511,ok,4,176.629119,162.446118,189.653552,13,cohort (fallback),19642.63
SYN-029,2026-06-01,rev_per_exam,189.602667,ok,4,171.533399,162.429185,190.660337,13,cohort (fallback),16494.07
SYN-029,2026-06-08,rev_per_exam,189.966282,ok,4,169.673203,163.164044,189.736161,13,cohort (fallback),18695.7
SYN-029,2026-06-15,rev_per_exam,190.615466,ok,4,173.360583,167.889726,189.702685,13,cohort (fallback),20841.94
SYN-029,2026-06-22,rev_per_exam,193.871407,ok,4,172.253146,165.072414,190.474823,12,cohort (fallback),19772.01
SYN-029,2026-06-29,rev_per_exam,198.05656,ok,4,173.273143,165.175364,189.895719,12,cohort (fallback),21299.37
SYN-029,2026-07-06,rev_per_exam,195.043341,ok,4,174.788779,164.275796,189.687469,11,cohort (fallback),19224.71
SYN-029,2026-07-13,rev_per_exam,197.847735,ok,4,172.153199,163.444457,189.047894,12,cohort (fallback),21810.72
SYN-029,2026-07-20,rev_per_exam,192.713981,ok,4,169.67133,163.923469,183.356021,13,cohort (fallback),19954.07
SYN-029,2026-07-27,rev_per_exam,193.093333,ok,4,172.785241,163.872492,185.442926,13,cohort (fallback),20688.98
SYN-029,2026-08-03,rev_per_exam,191.635678,ok,4,170.771582,161.375935,186.50346,13,cohort (fallback),19566.3
SYN-029,2026-08-10,rev_per_exam,188.45733,ok,4,175.306925,161.109579,188.456221,13,cohort (fallback),20261.93
SYN-029,2026-08-17,rev_per_exam,187.655851,ok,4,169.074971,164.300224,190.951609,12,cohort (fallback),19987.15
SYN-030,2026-03-16,rev_per_exam,,insufficient_history,1,150.392315,148.838176,155.472368,8,cohort x format,3713.44
SYN-030,2026-03-23,rev_per_exam,,insufficient_history,2,151.859491,148.406068,157.543678,7,cohort x format,4243.94
SYN-030,2026-03-30,rev_per_exam,113.587358,ok,3,155.449608,147.995822,157.782536,7,cohort x format,4082.88
SYN-030,2026-04-06,rev_per_exam,109.626966,ok,4,151.504731,147.026179,155.310379,6,cohort x format,3855.65
SYN-030,2026-04-13,rev_per_exam,106.513636,ok,4,152.311392,148.89825,157.830963,5,cohort x format,4220.63
SYN-030,2026-04-20,rev_per_exam,101.722795,ok,4,151.148686,146.808379,154.233801,6,cohort x format,4218.21
SYN-030,2026-04-27,rev_per_exam,102.108125,ok,4,152.894941,145.383256,155.921201,5,cohort x format,4042.81
SYN-030,2026-05-04,rev_per_exam,109.803571,ok,4,,,,0,suppressed,5965.35
SYN-030,2026-05-11,rev_per_exam,113.721314,ok,4,,,,0,suppressed,5674.86
SYN-030,2026-05-18,rev_per_exam,118.984409,ok,4,,,,0,suppressed,6448.08
SYN-030,2026-05-25,rev_per_exam,122.19625,ok,4,,,,0,suppressed,6350.96
SYN-030,2026-06-01,rev_per_exam,125.353349,ok,4,,,,0,suppressed,7724.95
SYN-030,2026-06-08,rev_per_exam,130.084147,ok,4,,,,0,suppressed,7704.27
SYN-030,2026-06-15,rev_per_exam,130.761719,ok,4,,,,0,suppressed,7118.16
SYN-030,2026-06-22,rev_per_exam,136.826754,ok,4,,,,0,suppressed,8649.12
SYN-030,2026-06-29,rev_per_exam,133.902814,ok,4,,,,0,suppressed,7460.0
SYN-030,2026-07-06,rev_per_exam,132.644304,ok,4,,,,0,suppressed,8209.42
SYN-030,2026-07-13,rev_per_exam,136.885021,ok,4,,,,0,suppressed,8670.75
SYN-030,2026-07-20,rev_per_exam,134.648174,ok,4,,,,0,suppressed,8110.04
SYN-030,2026-07-27,rev_per_exam,138.605796,ok,4,,,,0,suppressed,8968.21
SYN-030,2026-08-03,rev_per_exam,139.752143,ok,4,,,,0,suppressed,9468.54
SYN-030,2026-08-10,rev_per_exam,140.154697,ok,4,,,,0,suppressed,10454.05
SYN-030,2026-08-17,rev_per_exam,142.350109,ok,4,,,,0,suppressed,10113.13
