closure_reason_original,outcome_group,outcome_subgroup,closed_2025,open_2025,rationale,validation_question
Service provided,1. Service recorded as provided,Service provided,155210,1,Wording records that the service was provided.,"Does 'Service provided' mean the requested work was completed, or that a response was given?"
Further action has been planned,"2. Work assigned, referred or continuing",Further work planned,23220,2,Wording indicates work is still to come after the case was closed.,"Where is completion of the planned work recorded, and is it linked back to this case?"
Assigned to inspector,"2. Work assigned, referred or continuing",Assigned to inspector,14185,3,Wording indicates the case closed when assigned; the inspection outcome is not shown.,"Is the inspection tracked in another case or system, and is its outcome reportable?"
Dispatched to Crew,"2. Work assigned, referred or continuing",Dispatched to crew,3117,0,Wording indicates the case closed at dispatch; the crew outcome is not shown.,Is crew completion recorded anywhere that can be linked to this case?
Referred to another service group,"2. Work assigned, referred or continuing",Referred to another group,10368,17,Wording indicates a handoff; the receiving group's outcome is not shown.,"Does a referral create a new case, and can the two be linked for reporting?"
Closed automatically and sent to service group,"2. Work assigned, referred or continuing",Auto-closed and routed,14236,10,"Wording indicates the case closed on routing, before any recorded action.","Which system or team holds the work after automatic routing, and how is it closed?"
Reviewed and no action planned,3. No service or no action recorded,Reviewed - no action,14931,0,Wording records a review with no action planned.,"What review criteria lead to 'no action', and are residents told why?"
Issue not found or inaccessible,3. No service or no action recorded,Issue not found / inaccessible,8021,0,Wording records that the issue could not be found or reached.,Would better location detail at intake reduce these outcomes?
Not a city provided service / jurisdiction,3. No service or no action recorded,Not City service / jurisdiction,3726,0,Wording records that the request is outside City responsibility.,Could intake identify out-of-jurisdiction requests earlier?
Outside of Parameters (Sanitation),3. No service or no action recorded,Outside service parameters,133,0,Sanitation-specific value that appears to mean the request fell outside service criteria.,"What are the parameters, and is this an outcome or a classification issue?"
Contaminated (Sanitation),3. No service or no action recorded,Contaminated (sanitation),60,0,Sanitation-specific value that appears to mean the request could not be serviced as submitted.,What happens next for the resident when this reason is used?
Insufficient info,4. Insufficient information / could not proceed,Insufficient information,4608,0,Wording records that the request lacked information needed to proceed.,Which missing information fields cause this most often?
Customer unreachable,4. Insufficient information / could not proceed,Customer unreachable,390,0,Wording records that the requester could not be contacted.,"Is contact attempted before closure, and how many attempts are expected?"
Unknown,5. Unknown or N/A,Unknown,15971,0,The published value does not describe an outcome.,"Is 'Unknown' a system default for specific intake paths, and what is the real outcome?"
N/A,5. Unknown or N/A,N/A,0,2749,The published value does not describe an outcome (see counts: in 2025 it appears on open cases).,Is 'N/A' simply the placeholder for cases that are not yet closed?
Alternate Service Required,6. Other - requires review,Alternate service required,1616,0,Ambiguous: could mean redirection outside the City or a different City service.,"Does this mean the resident was redirected elsewhere, or that another City service will act?"
Information received,6. Other - requires review,Information received,6,0,Ambiguous: could record that information was provided or received.,Is this an information-only outcome equivalent to 'Service provided'?
