scope,records,median_residual_kw,mean_residual_kw,mean_residual_pct_of_rated
reference_year_all_turbines,140417,0.0,0.754,0.037
reference_year_R80711,37161,0.0,1.141,0.056
reference_year_R80721,34142,0.0,0.204,0.01
reference_year_R80736,34354,0.0,1.166,0.057
reference_year_R80790,34760,0.0,0.472,0.023
reference_year_bin_4.5ms,19668,0.0,1.573,0.077
reference_year_bin_5.0ms,22181,0.0,1.524,0.074
reference_year_bin_5.5ms,22343,0.0,1.476,0.072
reference_year_bin_6.0ms,19717,0.0,1.02,0.05
reference_year_bin_6.5ms,15763,0.0,0.63,0.031
reference_year_bin_7.0ms,11448,0.0,0.097,0.005
reference_year_bin_7.5ms,7986,0.0,0.218,0.011
reference_year_bin_8.0ms,5698,0.0,0.662,0.032
reference_year_bin_8.5ms,4158,0.0,0.595,0.029
reference_year_bin_9.0ms,3020,-0.0,-1.932,-0.094
reference_year_bin_9.5ms,2265,0.0,-2.05,-0.1
reference_year_bin_10.0ms,1733,0.0,-2.046,-0.1
reference_year_bin_10.5ms,1321,0.0,-3.965,-0.193
reference_year_bin_11.0ms,1017,0.0,-3.073,-0.15
reference_year_bin_11.5ms,758,0.0,-3.36,-0.164
reference_year_bin_12.0ms,580,0.0,-1.813,-0.088
reference_year_bin_12.5ms,405,0.0,-3.898,-0.19
reference_year_bin_13.0ms,239,0.0,-9.35,-0.456
