category,subcategory,records,share_of_raw_pct
raw_records,all,420480,100.0
reference_eligible,no_exclusion_reason,336928,80.129
excluded,any_reason,83552,19.871
excluded_by_reason,frozen_wind_sensor,4609,1.096
excluded_by_reason,invalid_pitch,43,0.01
excluded_by_reason,invalid_temperature,2603,0.619
excluded_by_reason,missing_power,2569,0.611
excluded_by_reason,missing_wind,2569,0.611
excluded_by_reason,zero_or_negative_power,80983,19.26
exclusion_overlap,1_reason(s),76297,18.145
exclusion_overlap,2_reason(s),4686,1.114
exclusion_overlap,3_reason(s),2569,0.611
warning_by_reason,auxiliary_consumption_observed,77431,18.415
warning_by_reason,no_turbine_reporting_at_this_time,1558,0.371
warning_by_reason,peer_context_unavailable,1558,0.371
warning_by_reason,timestamp_repaired_spring_collision,48,0.011
confidence,high,336880,80.118
confidence,medium,48,0.011
confidence,low,83552,19.871
