turbine,problem,timestamp_utc,local_date
R80711,duplicated_utc_timestamp,2014-03-30 01:00:00+00:00,2014-03-30
R80711,duplicated_utc_timestamp,2014-03-30 01:10:00+00:00,2014-03-30
R80711,duplicated_utc_timestamp,2014-03-30 01:20:00+00:00,2014-03-30
R80711,duplicated_utc_timestamp,2014-03-30 01:30:00+00:00,2014-03-30
R80711,duplicated_utc_timestamp,2014-03-30 01:40:00+00:00,2014-03-30
R80711,duplicated_utc_timestamp,2014-03-30 01:50:00+00:00,2014-03-30
R80711,duplicated_utc_timestamp,2015-03-29 01:00:00+00:00,2015-03-29
R80711,duplicated_utc_timestamp,2015-03-29 01:10:00+00:00,2015-03-29
R80711,duplicated_utc_timestamp,2015-03-29 01:20:00+00:00,2015-03-29
R80711,duplicated_utc_timestamp,2015-03-29 01:30:00+00:00,2015-03-29
R80711,duplicated_utc_timestamp,2015-03-29 01:40:00+00:00,2015-03-29
R80711,duplicated_utc_timestamp,2015-03-29 01:50:00+00:00,2015-03-29
R80711,absent_utc_timestamp,2014-10-26 00:00:00+00:00,2014-10-26
R80711,absent_utc_timestamp,2014-10-26 00:10:00+00:00,2014-10-26
R80711,absent_utc_timestamp,2014-10-26 00:20:00+00:00,2014-10-26
R80711,absent_utc_timestamp,2014-10-26 00:30:00+00:00,2014-10-26
R80711,absent_utc_timestamp,2014-10-26 00:40:00+00:00,2014-10-26
R80711,absent_utc_timestamp,2014-10-26 00:50:00+00:00,2014-10-26
R80711,absent_utc_timestamp,2015-10-25 00:00:00+00:00,2015-10-25
R80711,absent_utc_timestamp,2015-10-25 00:10:00+00:00,2015-10-25
R80711,absent_utc_timestamp,2015-10-25 00:20:00+00:00,2015-10-25
R80711,absent_utc_timestamp,2015-10-25 00:30:00+00:00,2015-10-25
R80711,absent_utc_timestamp,2015-10-25 00:40:00+00:00,2015-10-25
R80711,absent_utc_timestamp,2015-10-25 00:50:00+00:00,2015-10-25
R80721,duplicated_utc_timestamp,2014-03-30 01:00:00+00:00,2014-03-30
R80721,duplicated_utc_timestamp,2014-03-30 01:10:00+00:00,2014-03-30
R80721,duplicated_utc_timestamp,2014-03-30 01:20:00+00:00,2014-03-30
R80721,duplicated_utc_timestamp,2014-03-30 01:30:00+00:00,2014-03-30
R80721,duplicated_utc_timestamp,2014-03-30 01:40:00+00:00,2014-03-30
R80721,duplicated_utc_timestamp,2014-03-30 01:50:00+00:00,2014-03-30
R80721,duplicated_utc_timestamp,2015-03-29 01:00:00+00:00,2015-03-29
R80721,duplicated_utc_timestamp,2015-03-29 01:10:00+00:00,2015-03-29
R80721,duplicated_utc_timestamp,2015-03-29 01:20:00+00:00,2015-03-29
R80721,duplicated_utc_timestamp,2015-03-29 01:30:00+00:00,2015-03-29
R80721,duplicated_utc_timestamp,2015-03-29 01:40:00+00:00,2015-03-29
R80721,duplicated_utc_timestamp,2015-03-29 01:50:00+00:00,2015-03-29
R80721,absent_utc_timestamp,2014-10-26 00:00:00+00:00,2014-10-26
R80721,absent_utc_timestamp,2014-10-26 00:10:00+00:00,2014-10-26
R80721,absent_utc_timestamp,2014-10-26 00:20:00+00:00,2014-10-26
R80721,absent_utc_timestamp,2014-10-26 00:30:00+00:00,2014-10-26
R80721,absent_utc_timestamp,2014-10-26 00:40:00+00:00,2014-10-26
R80721,absent_utc_timestamp,2014-10-26 00:50:00+00:00,2014-10-26
R80721,absent_utc_timestamp,2015-10-25 00:00:00+00:00,2015-10-25
R80721,absent_utc_timestamp,2015-10-25 00:10:00+00:00,2015-10-25
R80721,absent_utc_timestamp,2015-10-25 00:20:00+00:00,2015-10-25
R80721,absent_utc_timestamp,2015-10-25 00:30:00+00:00,2015-10-25
R80721,absent_utc_timestamp,2015-10-25 00:40:00+00:00,2015-10-25
R80721,absent_utc_timestamp,2015-10-25 00:50:00+00:00,2015-10-25
R80736,duplicated_utc_timestamp,2014-03-30 01:00:00+00:00,2014-03-30
R80736,duplicated_utc_timestamp,2014-03-30 01:10:00+00:00,2014-03-30
R80736,duplicated_utc_timestamp,2014-03-30 01:20:00+00:00,2014-03-30
R80736,duplicated_utc_timestamp,2014-03-30 01:30:00+00:00,2014-03-30
R80736,duplicated_utc_timestamp,2014-03-30 01:40:00+00:00,2014-03-30
R80736,duplicated_utc_timestamp,2014-03-30 01:50:00+00:00,2014-03-30
R80736,duplicated_utc_timestamp,2015-03-29 01:00:00+00:00,2015-03-29
R80736,duplicated_utc_timestamp,2015-03-29 01:10:00+00:00,2015-03-29
R80736,duplicated_utc_timestamp,2015-03-29 01:20:00+00:00,2015-03-29
R80736,duplicated_utc_timestamp,2015-03-29 01:30:00+00:00,2015-03-29
R80736,duplicated_utc_timestamp,2015-03-29 01:40:00+00:00,2015-03-29
R80736,duplicated_utc_timestamp,2015-03-29 01:50:00+00:00,2015-03-29
R80736,absent_utc_timestamp,2014-10-26 00:00:00+00:00,2014-10-26
R80736,absent_utc_timestamp,2014-10-26 00:10:00+00:00,2014-10-26
R80736,absent_utc_timestamp,2014-10-26 00:20:00+00:00,2014-10-26
R80736,absent_utc_timestamp,2014-10-26 00:30:00+00:00,2014-10-26
R80736,absent_utc_timestamp,2014-10-26 00:40:00+00:00,2014-10-26
R80736,absent_utc_timestamp,2014-10-26 00:50:00+00:00,2014-10-26
R80736,absent_utc_timestamp,2015-10-25 00:00:00+00:00,2015-10-25
R80736,absent_utc_timestamp,2015-10-25 00:10:00+00:00,2015-10-25
R80736,absent_utc_timestamp,2015-10-25 00:20:00+00:00,2015-10-25
R80736,absent_utc_timestamp,2015-10-25 00:30:00+00:00,2015-10-25
R80736,absent_utc_timestamp,2015-10-25 00:40:00+00:00,2015-10-25
R80736,absent_utc_timestamp,2015-10-25 00:50:00+00:00,2015-10-25
R80790,duplicated_utc_timestamp,2014-03-30 01:00:00+00:00,2014-03-30
R80790,duplicated_utc_timestamp,2014-03-30 01:10:00+00:00,2014-03-30
R80790,duplicated_utc_timestamp,2014-03-30 01:20:00+00:00,2014-03-30
R80790,duplicated_utc_timestamp,2014-03-30 01:30:00+00:00,2014-03-30
R80790,duplicated_utc_timestamp,2014-03-30 01:40:00+00:00,2014-03-30
R80790,duplicated_utc_timestamp,2014-03-30 01:50:00+00:00,2014-03-30
R80790,duplicated_utc_timestamp,2015-03-29 01:00:00+00:00,2015-03-29
R80790,duplicated_utc_timestamp,2015-03-29 01:10:00+00:00,2015-03-29
R80790,duplicated_utc_timestamp,2015-03-29 01:20:00+00:00,2015-03-29
R80790,duplicated_utc_timestamp,2015-03-29 01:30:00+00:00,2015-03-29
R80790,duplicated_utc_timestamp,2015-03-29 01:40:00+00:00,2015-03-29
R80790,duplicated_utc_timestamp,2015-03-29 01:50:00+00:00,2015-03-29
R80790,absent_utc_timestamp,2014-10-26 00:00:00+00:00,2014-10-26
R80790,absent_utc_timestamp,2014-10-26 00:10:00+00:00,2014-10-26
R80790,absent_utc_timestamp,2014-10-26 00:20:00+00:00,2014-10-26
R80790,absent_utc_timestamp,2014-10-26 00:30:00+00:00,2014-10-26
R80790,absent_utc_timestamp,2014-10-26 00:40:00+00:00,2014-10-26
R80790,absent_utc_timestamp,2014-10-26 00:50:00+00:00,2014-10-26
R80790,absent_utc_timestamp,2015-10-25 00:00:00+00:00,2015-10-25
R80790,absent_utc_timestamp,2015-10-25 00:10:00+00:00,2015-10-25
R80790,absent_utc_timestamp,2015-10-25 00:20:00+00:00,2015-10-25
R80790,absent_utc_timestamp,2015-10-25 00:30:00+00:00,2015-10-25
R80790,absent_utc_timestamp,2015-10-25 00:40:00+00:00,2015-10-25
R80790,absent_utc_timestamp,2015-10-25 00:50:00+00:00,2015-10-25
