priority_rank,turbine,start_utc,end_utc,duration_hours,candidate_class,shortfall_mwh_method_a,shortfall_mwh_method_b,shortfall_mwh_method_c,method_c_also_flags,method_c_flagged_share,mwh_min_across_methods,mwh_max_across_methods,methods_agreeing,method_agreement_count,evidence_confidence,data_quality_qualifications,mean_wind_ms,mean_peer_wind_ms,possible_explanations_hypotheses_only,operational_records_required,recommended_next_action,illustrative_eur_at_50_min,illustrative_eur_at_50_max,illustrative_eur_at_80_min,illustrative_eur_at_80_max,illustrative_eur_at_120_min,illustrative_eur_at_120_max,value_note,investigable_discrete_event,specific_record_can_test_it,data_quality_clean_enough,priority_tier
1,R80711,2015-07-26 15:10:00+00:00,2015-07-28 09:30:00+00:00,42.5,idle_in_apparently_usable_wind,36.916,37.606,36.841,True,0.996,36.841,37.606,A+B+C,3,medium,none,8.29,7.93,Scheduled maintenance or a planned service visit | Unplanned stop following a turbine fault | Grid curtailment or a network operator instruction | Controller lockout awaiting a manual reset | Communications loss while the turbine was in fact producing,Turbine event and alarm codes for the interval; work orders and maintenance records; curtailment or grid instructions; operator logs,"Request event codes and work orders for the interval before drawing any conclusion. If the records show a planned outage, close the item.",1842.0,1880.0,2947.0,3008.0,4421.0,4513.0,Illustrative value-at-risk sensitivity - not actual revenue.,True,True,True,1
2,R80790,2015-02-07 11:00:00+00:00,2015-02-08 05:00:00+00:00,18.17,idle_in_apparently_usable_wind,14.748,14.465,15.613,True,1.0,14.465,15.613,A+B+C,3,medium,"turbine idle throughout, so its own anemometer is the least reliable measurement here",7.68,7.08,Scheduled maintenance or a planned service visit | Unplanned stop following a turbine fault | Grid curtailment or a network operator instruction | Controller lockout awaiting a manual reset | Communications loss while the turbine was in fact producing,Turbine event and alarm codes for the interval; work orders and maintenance records; curtailment or grid instructions; operator logs,"Request event codes and work orders for the interval before drawing any conclusion. If the records show a planned outage, close the item.",723.0,781.0,1157.0,1249.0,1736.0,1874.0,Illustrative value-at-risk sensitivity - not actual revenue.,True,True,True,1
3,R80790,2015-02-08 07:30:00+00:00,2015-02-09 03:00:00+00:00,19.67,idle_in_apparently_usable_wind,14.662,14.249,15.374,True,1.0,14.249,15.374,A+B+C,3,medium,"turbine idle throughout, so its own anemometer is the least reliable measurement here",7.43,6.53,Scheduled maintenance or a planned service visit | Unplanned stop following a turbine fault | Grid curtailment or a network operator instruction | Controller lockout awaiting a manual reset | Communications loss while the turbine was in fact producing,Turbine event and alarm codes for the interval; work orders and maintenance records; curtailment or grid instructions; operator logs,"Request event codes and work orders for the interval before drawing any conclusion. If the records show a planned outage, close the item.",712.0,769.0,1140.0,1230.0,1710.0,1845.0,Illustrative value-at-risk sensitivity - not actual revenue.,True,True,True,1
4,R80736,2015-11-17 09:00:00+00:00,2015-11-17 14:50:00+00:00,6.0,idle_in_apparently_usable_wind,6.534,6.365,6.364,True,0.917,6.364,6.534,A+B+C,3,medium,none,10.41,10.12,Scheduled maintenance or a planned service visit | Unplanned stop following a turbine fault | Grid curtailment or a network operator instruction | Controller lockout awaiting a manual reset | Communications loss while the turbine was in fact producing,Turbine event and alarm codes for the interval; work orders and maintenance records; curtailment or grid instructions; operator logs,"Request event codes and work orders for the interval before drawing any conclusion. If the records show a planned outage, close the item.",318.0,327.0,509.0,523.0,764.0,784.0,Illustrative value-at-risk sensitivity - not actual revenue.,True,True,True,1
5,R80721,2015-04-30 06:20:00+00:00,2015-04-30 13:40:00+00:00,7.5,idle_in_apparently_usable_wind,5.403,5.425,5.505,True,1.0,5.403,5.505,A+B+C,3,medium,none,7.55,7.68,Scheduled maintenance or a planned service visit | Unplanned stop following a turbine fault | Grid curtailment or a network operator instruction | Controller lockout awaiting a manual reset | Communications loss while the turbine was in fact producing,Turbine event and alarm codes for the interval; work orders and maintenance records; curtailment or grid instructions; operator logs,"Request event codes and work orders for the interval before drawing any conclusion. If the records show a planned outage, close the item.",270.0,275.0,432.0,440.0,648.0,661.0,Illustrative value-at-risk sensitivity - not actual revenue.,True,True,True,1
6,R80721,2015-05-19 05:50:00+00:00,2015-05-19 13:50:00+00:00,8.17,idle_in_apparently_usable_wind,5.34,5.365,5.369,True,1.0,5.34,5.369,A+B+C,3,medium,none,7.33,7.27,Scheduled maintenance or a planned service visit | Unplanned stop following a turbine fault | Grid curtailment or a network operator instruction | Controller lockout awaiting a manual reset | Communications loss while the turbine was in fact producing,Turbine event and alarm codes for the interval; work orders and maintenance records; curtailment or grid instructions; operator logs,"Request event codes and work orders for the interval before drawing any conclusion. If the records show a planned outage, close the item.",267.0,268.0,427.0,430.0,641.0,644.0,Illustrative value-at-risk sensitivity - not actual revenue.,True,True,True,1
7,R80790,2015-08-25 05:40:00+00:00,2015-08-25 14:20:00+00:00,8.83,idle_in_apparently_usable_wind,4.845,4.639,4.585,True,1.0,4.585,4.845,A+B+C,3,medium,none,6.87,6.67,Scheduled maintenance or a planned service visit | Unplanned stop following a turbine fault | Grid curtailment or a network operator instruction | Controller lockout awaiting a manual reset | Communications loss while the turbine was in fact producing,Turbine event and alarm codes for the interval; work orders and maintenance records; curtailment or grid instructions; operator logs,"Request event codes and work orders for the interval before drawing any conclusion. If the records show a planned outage, close the item.",229.0,242.0,367.0,388.0,550.0,581.0,Illustrative value-at-risk sensitivity - not actual revenue.,True,True,True,1
8,R80711,2015-04-27 10:00:00+00:00,2015-04-27 14:40:00+00:00,4.83,idle_in_apparently_usable_wind,4.334,4.416,4.36,True,1.0,4.334,4.416,A+B+C,3,medium,none,8.34,7.88,Scheduled maintenance or a planned service visit | Unplanned stop following a turbine fault | Grid curtailment or a network operator instruction | Controller lockout awaiting a manual reset | Communications loss while the turbine was in fact producing,Turbine event and alarm codes for the interval; work orders and maintenance records; curtailment or grid instructions; operator logs,"Request event codes and work orders for the interval before drawing any conclusion. If the records show a planned outage, close the item.",217.0,221.0,347.0,353.0,520.0,530.0,Illustrative value-at-risk sensitivity - not actual revenue.,True,True,True,1
9,R80736,2015-05-05 05:50:00+00:00,2015-05-05 08:50:00+00:00,3.17,idle_in_apparently_usable_wind,4.323,4.592,4.412,True,1.0,4.323,4.592,A+B+C,3,medium,none,10.74,10.13,Scheduled maintenance or a planned service visit | Unplanned stop following a turbine fault | Grid curtailment or a network operator instruction | Controller lockout awaiting a manual reset | Communications loss while the turbine was in fact producing,Turbine event and alarm codes for the interval; work orders and maintenance records; curtailment or grid instructions; operator logs,"Request event codes and work orders for the interval before drawing any conclusion. If the records show a planned outage, close the item.",216.0,230.0,346.0,367.0,519.0,551.0,Illustrative value-at-risk sensitivity - not actual revenue.,True,True,True,1
10,R80736,2015-05-05 10:20:00+00:00,2015-05-05 13:20:00+00:00,3.17,idle_in_apparently_usable_wind,4.236,4.826,4.691,True,0.895,4.236,4.826,A+B+C,3,medium,none,11.97,11.53,Scheduled maintenance or a planned service visit | Unplanned stop following a turbine fault | Grid curtailment or a network operator instruction | Controller lockout awaiting a manual reset | Communications loss while the turbine was in fact producing,Turbine event and alarm codes for the interval; work orders and maintenance records; curtailment or grid instructions; operator logs,"Request event codes and work orders for the interval before drawing any conclusion. If the records show a planned outage, close the item.",212.0,241.0,339.0,386.0,508.0,579.0,Illustrative value-at-risk sensitivity - not actual revenue.,True,True,True,1
11,R80721,2015-01-02 04:10:00+00:00,2015-01-02 07:10:00+00:00,3.17,idle_in_apparently_usable_wind,3.97,3.994,3.932,True,1.0,3.932,3.994,A+B+C,3,medium,none,9.49,10.36,Scheduled maintenance or a planned service visit | Unplanned stop following a turbine fault | Grid curtailment or a network operator instruction | Controller lockout awaiting a manual reset | Communications loss while the turbine was in fact producing,Turbine event and alarm codes for the interval; work orders and maintenance records; curtailment or grid instructions; operator logs,"Request event codes and work orders for the interval before drawing any conclusion. If the records show a planned outage, close the item.",197.0,200.0,315.0,320.0,472.0,479.0,Illustrative value-at-risk sensitivity - not actual revenue.,True,True,True,1
12,R80790,2015-04-27 10:00:00+00:00,2015-04-27 14:20:00+00:00,4.5,idle_in_apparently_usable_wind,3.84,3.759,3.682,True,1.0,3.682,3.84,A+B+C,3,medium,none,8.07,8.04,Scheduled maintenance or a planned service visit | Unplanned stop following a turbine fault | Grid curtailment or a network operator instruction | Controller lockout awaiting a manual reset | Communications loss while the turbine was in fact producing,Turbine event and alarm codes for the interval; work orders and maintenance records; curtailment or grid instructions; operator logs,"Request event codes and work orders for the interval before drawing any conclusion. If the records show a planned outage, close the item.",184.0,192.0,295.0,307.0,442.0,461.0,Illustrative value-at-risk sensitivity - not actual revenue.,True,True,True,1
13,R80711,2015-04-28 05:10:00+00:00,2015-04-28 14:30:00+00:00,9.5,idle_in_apparently_usable_wind,3.602,3.762,3.742,True,0.93,3.602,3.762,A+B+C,3,medium,none,6.4,5.84,Scheduled maintenance or a planned service visit | Unplanned stop following a turbine fault | Grid curtailment or a network operator instruction | Controller lockout awaiting a manual reset | Communications loss while the turbine was in fact producing,Turbine event and alarm codes for the interval; work orders and maintenance records; curtailment or grid instructions; operator logs,"Request event codes and work orders for the interval before drawing any conclusion. If the records show a planned outage, close the item.",180.0,188.0,288.0,301.0,432.0,451.0,Illustrative value-at-risk sensitivity - not actual revenue.,True,True,True,1
14,R80736,2015-01-02 04:20:00+00:00,2015-01-02 06:40:00+00:00,2.5,idle_in_apparently_usable_wind,3.106,3.051,3.03,True,1.0,3.03,3.106,A+B+C,3,medium,none,9.36,10.78,Scheduled maintenance or a planned service visit | Unplanned stop following a turbine fault | Grid curtailment or a network operator instruction | Controller lockout awaiting a manual reset | Communications loss while the turbine was in fact producing,Turbine event and alarm codes for the interval; work orders and maintenance records; curtailment or grid instructions; operator logs,"Request event codes and work orders for the interval before drawing any conclusion. If the records show a planned outage, close the item.",152.0,155.0,242.0,248.0,364.0,373.0,Illustrative value-at-risk sensitivity - not actual revenue.,True,True,True,1
15,R80790,2015-01-02 04:00:00+00:00,2015-01-02 06:10:00+00:00,2.33,idle_in_apparently_usable_wind,3.064,3.058,2.999,True,1.0,2.999,3.064,A+B+C,3,medium,none,9.75,9.78,Scheduled maintenance or a planned service visit | Unplanned stop following a turbine fault | Grid curtailment or a network operator instruction | Controller lockout awaiting a manual reset | Communications loss while the turbine was in fact producing,Turbine event and alarm codes for the interval; work orders and maintenance records; curtailment or grid instructions; operator logs,"Request event codes and work orders for the interval before drawing any conclusion. If the records show a planned outage, close the item.",150.0,153.0,240.0,245.0,360.0,368.0,Illustrative value-at-risk sensitivity - not actual revenue.,True,True,True,1
16,R80721,2015-01-02 08:30:00+00:00,2015-01-02 14:40:00+00:00,6.33,operating_below_reference_candidate,3.047,3.095,2.961,True,1.0,2.961,3.095,A+B+C,3,medium,none,10.0,10.08,"Power limitation or derate active | Pitch or yaw calibration drift | Blade surface degradation, soiling or light icing | Wake interaction from a neighbouring turbine in certain directions | Anemometer calibration drift making the reference wind speed wrong",Controller setpoints and any power-limitation flags; turbine event and alarm codes; work orders covering blade or sensor work; turbine layout and wake information; anemometer calibration history,"Request controller setpoints and alarm codes for the interval, and check whether the pattern repeats in the same wind direction sector.",148.0,155.0,237.0,248.0,355.0,371.0,Illustrative value-at-risk sensitivity - not actual revenue.,True,True,True,1
17,R80711,2015-05-06 11:20:00+00:00,2015-05-06 14:20:00+00:00,3.17,idle_in_apparently_usable_wind,2.63,2.674,2.704,True,1.0,2.63,2.704,A+B+C,3,medium,none,10.18,10.03,Scheduled maintenance or a planned service visit | Unplanned stop following a turbine fault | Grid curtailment or a network operator instruction | Controller lockout awaiting a manual reset | Communications loss while the turbine was in fact producing,Turbine event and alarm codes for the interval; work orders and maintenance records; curtailment or grid instructions; operator logs,"Request event codes and work orders for the interval before drawing any conclusion. If the records show a planned outage, close the item.",132.0,135.0,210.0,216.0,316.0,324.0,Illustrative value-at-risk sensitivity - not actual revenue.,True,True,True,1
18,R80790,2015-09-06 18:20:00+00:00,2015-09-07 01:00:00+00:00,6.83,idle_in_apparently_usable_wind,2.738,2.601,2.639,True,1.0,2.601,2.738,A+B+C,3,medium,"turbine idle throughout, so its own anemometer is the least reliable measurement here",6.13,5.81,Scheduled maintenance or a planned service visit | Unplanned stop following a turbine fault | Grid curtailment or a network operator instruction | Controller lockout awaiting a manual reset | Communications loss while the turbine was in fact producing,Turbine event and alarm codes for the interval; work orders and maintenance records; curtailment or grid instructions; operator logs,"Request event codes and work orders for the interval before drawing any conclusion. If the records show a planned outage, close the item.",130.0,137.0,208.0,219.0,312.0,329.0,Illustrative value-at-risk sensitivity - not actual revenue.,True,True,True,1
19,R80736,2015-08-26 08:00:00+00:00,2015-08-26 14:00:00+00:00,6.17,idle_in_apparently_usable_wind,2.453,2.463,2.28,True,1.0,2.28,2.463,A+B+C,3,medium,none,6.44,6.55,Scheduled maintenance or a planned service visit | Unplanned stop following a turbine fault | Grid curtailment or a network operator instruction | Controller lockout awaiting a manual reset | Communications loss while the turbine was in fact producing,Turbine event and alarm codes for the interval; work orders and maintenance records; curtailment or grid instructions; operator logs,"Request event codes and work orders for the interval before drawing any conclusion. If the records show a planned outage, close the item.",114.0,123.0,182.0,197.0,274.0,296.0,Illustrative value-at-risk sensitivity - not actual revenue.,True,True,True,1
20,R80790,2015-05-06 12:40:00+00:00,2015-05-06 15:00:00+00:00,2.5,idle_in_apparently_usable_wind,2.125,2.112,2.095,True,0.867,2.095,2.125,A+B+C,3,medium,none,9.68,9.62,Scheduled maintenance or a planned service visit | Unplanned stop following a turbine fault | Grid curtailment or a network operator instruction | Controller lockout awaiting a manual reset | Communications loss while the turbine was in fact producing,Turbine event and alarm codes for the interval; work orders and maintenance records; curtailment or grid instructions; operator logs,"Request event codes and work orders for the interval before drawing any conclusion. If the records show a planned outage, close the item.",105.0,106.0,168.0,170.0,251.0,255.0,Illustrative value-at-risk sensitivity - not actual revenue.,True,True,True,1
21,R80736,2015-05-12 08:40:00+00:00,2015-05-12 13:00:00+00:00,4.5,idle_in_apparently_usable_wind,2.06,2.058,1.966,True,0.815,1.966,2.06,A+B+C,3,medium,none,7.1,7.41,Scheduled maintenance or a planned service visit | Unplanned stop following a turbine fault | Grid curtailment or a network operator instruction | Controller lockout awaiting a manual reset | Communications loss while the turbine was in fact producing,Turbine event and alarm codes for the interval; work orders and maintenance records; curtailment or grid instructions; operator logs,"Request event codes and work orders for the interval before drawing any conclusion. If the records show a planned outage, close the item.",98.0,103.0,157.0,165.0,236.0,247.0,Illustrative value-at-risk sensitivity - not actual revenue.,True,True,True,1
22,R80736,2015-05-04 10:00:00+00:00,2015-05-04 15:00:00+00:00,5.17,idle_in_apparently_usable_wind,1.892,1.903,1.782,True,1.0,1.782,1.903,A+B+C,3,medium,none,6.29,6.01,Scheduled maintenance or a planned service visit | Unplanned stop following a turbine fault | Grid curtailment or a network operator instruction | Controller lockout awaiting a manual reset | Communications loss while the turbine was in fact producing,Turbine event and alarm codes for the interval; work orders and maintenance records; curtailment or grid instructions; operator logs,"Request event codes and work orders for the interval before drawing any conclusion. If the records show a planned outage, close the item.",89.0,95.0,143.0,152.0,214.0,228.0,Illustrative value-at-risk sensitivity - not actual revenue.,True,True,True,1
23,R80790,2015-06-09 07:20:00+00:00,2015-06-09 08:10:00+00:00,1.0,idle_in_apparently_usable_wind,1.35,1.348,1.368,True,1.0,1.348,1.368,A+B+C,3,medium,none,10.09,9.31,Scheduled maintenance or a planned service visit | Unplanned stop following a turbine fault | Grid curtailment or a network operator instruction | Controller lockout awaiting a manual reset | Communications loss while the turbine was in fact producing,Turbine event and alarm codes for the interval; work orders and maintenance records; curtailment or grid instructions; operator logs,"Request event codes and work orders for the interval before drawing any conclusion. If the records show a planned outage, close the item.",67.0,68.0,108.0,109.0,162.0,164.0,Illustrative value-at-risk sensitivity - not actual revenue.,True,True,True,1
24,R80711,2015-01-29 06:00:00+00:00,2015-01-29 15:30:00+00:00,9.67,operating_below_reference_candidate,1.324,1.467,1.446,True,0.966,1.324,1.467,A+B+C,3,medium,none,9.33,8.89,"Power limitation or derate active | Pitch or yaw calibration drift | Blade surface degradation, soiling or light icing | Wake interaction from a neighbouring turbine in certain directions | Anemometer calibration drift making the reference wind speed wrong",Controller setpoints and any power-limitation flags; turbine event and alarm codes; work orders covering blade or sensor work; turbine layout and wake information; anemometer calibration history,"Request controller setpoints and alarm codes for the interval, and check whether the pattern repeats in the same wind direction sector.",66.0,73.0,106.0,117.0,159.0,176.0,Illustrative value-at-risk sensitivity - not actual revenue.,True,True,True,1
25,R80736,2015-05-05 09:10:00+00:00,2015-05-05 10:00:00+00:00,1.0,idle_in_apparently_usable_wind,0.955,1.939,1.867,True,1.0,0.955,1.939,B+C,2,medium-low,"turbine idle throughout, so its own anemometer is the least reliable measurement here",13.7,13.31,Scheduled maintenance or a planned service visit | Unplanned stop following a turbine fault | Grid curtailment or a network operator instruction | Controller lockout awaiting a manual reset | Communications loss while the turbine was in fact producing,Turbine event and alarm codes for the interval; work orders and maintenance records; curtailment or grid instructions; operator logs,"Request event codes and work orders for the interval before drawing any conclusion. If the records show a planned outage, close the item.",48.0,97.0,76.0,155.0,115.0,233.0,Illustrative value-at-risk sensitivity - not actual revenue.,True,True,True,2
