turbine,wind_bin_ms,records,share_producing,median_power_kw,p10_power_kw
R80711,0.0,1792,0.0,-0.2,-0.7
R80711,0.5,1141,0.0009,-0.2,-1.2
R80711,1.0,1410,0.005,-0.3,-3.0
R80711,1.5,2207,0.0122,-0.3,-2.8
R80711,2.0,3938,0.0168,-0.5,-2.8
R80711,2.5,3964,0.0641,-0.8,-2.9
R80711,3.0,2679,0.3386,-0.3,-3.0
R80711,3.5,3696,0.9121,20.0,1.2
R80711,4.0,6171,0.9747,49.7,25.1
R80711,4.5,8966,0.9846,92.0,60.0
R80711,5.0,10227,0.9877,155.3,108.3
R80711,5.5,10849,0.9917,241.2,177.3
R80711,6.0,10367,0.9935,353.5,268.8
R80711,6.5,8642,0.9949,488.3,394.2
R80711,7.0,6624,0.9915,630.5,526.5
R80711,7.5,4862,0.9899,773.2,665.5
R80711,8.0,3678,0.9856,912.3,799.4
R80711,8.5,2859,0.9832,1047.4,929.4
R80711,9.0,2229,0.983,1178.2,1051.5
R80711,9.5,1720,0.9826,1306.0,1176.2
R80711,10.0,1339,0.9836,1418.8,1304.5
R80711,10.5,1018,0.9892,1540.6,1422.3
R80711,11.0,915,0.9945,1642.7,1536.5
R80711,11.5,593,0.9916,1741.2,1623.1
R80711,12.0,560,0.9929,1822.0,1721.2
R80711,12.5,387,0.9974,1887.4,1792.8
R80711,13.0,310,1.0,1931.1,1844.6
R80711,13.5,166,1.0,1968.2,1895.4
R80711,14.0,132,1.0,1984.3,1901.4
R80711,14.5,99,0.9899,2006.0,1931.6
R80711,15.0,56,1.0,2014.9,1960.8
R80711,15.5,40,1.0,2031.2,1977.2
R80711,16.0,28,1.0,2025.0,1990.4
R80711,16.5,23,1.0,2029.8,2005.8
R80721,0.0,2248,0.0009,-1.4,-2.7
R80721,0.5,1379,0.0029,-1.4,-3.1
R80721,1.0,1754,0.0051,-1.5,-3.7
R80721,1.5,2754,0.0171,-1.7,-3.9
R80721,2.0,4712,0.0214,-1.8,-4.0
R80721,2.5,4818,0.0689,-2.0,-4.0
R80721,3.0,3198,0.3568,-1.4,-4.0
R80721,3.5,4434,0.9208,22.0,2.6
R80721,4.0,7332,0.98,52.4,29.6
R80721,4.5,10338,0.99,96.8,65.8
R80721,5.0,11939,0.9916,161.7,116.4
R80721,5.5,11237,0.9933,250.8,189.5
R80721,6.0,9742,0.9932,365.5,288.0
R80721,6.5,7511,0.9951,499.1,416.2
R80721,7.0,5296,0.9919,637.9,545.4
R80721,7.5,3632,0.9928,781.7,688.3
R80721,8.0,2614,0.9878,918.3,818.2
R80721,8.5,1778,0.9865,1040.8,936.2
R80721,9.0,1411,0.9894,1166.3,1058.0
R80721,9.5,1126,0.9911,1296.1,1189.8
R80721,10.0,937,0.9925,1421.0,1313.3
R80721,10.5,680,0.9941,1543.6,1428.6
R80721,11.0,572,0.9965,1649.0,1550.2
R80721,11.5,422,0.9929,1735.6,1637.2
R80721,12.0,315,1.0,1814.3,1732.9
R80721,12.5,216,1.0,1874.7,1773.0
R80721,13.0,129,1.0,1923.0,1858.1
R80721,13.5,65,1.0,1953.9,1889.2
R80721,14.0,50,1.0,1977.3,1885.6
R80721,14.5,32,1.0,1994.9,1916.9
R80736,0.0,2483,0.004,-0.1,-0.8
R80736,0.5,1590,0.0132,-0.2,-2.1
R80736,1.0,1868,0.0177,-0.2,-3.0
R80736,1.5,2708,0.0303,-0.2,-2.8
R80736,2.0,4569,0.0422,-0.3,-2.7
R80736,2.5,4597,0.1007,-0.6,-3.0
R80736,3.0,3150,0.4143,-0.1,-2.9
R80736,3.5,4430,0.9264,24.4,4.0
R80736,4.0,7182,0.9838,54.3,31.7
R80736,4.5,10002,0.993,97.3,68.5
R80736,5.0,11318,0.9962,160.9,117.6
R80736,5.5,10724,0.9933,249.0,187.5
R80736,6.0,9347,0.993,365.0,286.9
R80736,6.5,7476,0.9917,498.6,410.3
R80736,7.0,5678,0.9917,641.3,542.7
R80736,7.5,3801,0.9924,785.3,683.3
R80736,8.0,2831,0.9894,922.6,820.7
R80736,8.5,2075,0.9928,1064.0,962.3
R80736,9.0,1573,0.9873,1197.4,1091.6
R80736,9.5,1183,0.9873,1329.0,1215.4
R80736,10.0,1052,0.981,1459.0,1332.7
R80736,10.5,856,0.9813,1584.6,1454.4
R80736,11.0,724,0.9876,1691.2,1577.1
R80736,11.5,603,0.995,1792.6,1673.2
R80736,12.0,487,0.9918,1862.0,1760.8
R80736,12.5,345,0.9913,1920.9,1845.4
R80736,13.0,237,0.9873,1955.3,1884.4
R80736,13.5,137,0.9781,1986.0,1874.9
R80736,14.0,78,0.9872,2012.7,1963.8
R80736,14.5,49,0.9184,1999.8,1924.6
R80736,15.0,42,0.9762,2007.2,1916.3
R80790,0.0,1862,0.0011,-1.4,-2.7
R80790,0.5,1174,0.0026,-1.6,-4.2
R80790,1.0,1510,0.0119,-1.8,-4.4
R80790,1.5,2368,0.0169,-2.0,-4.4
R80790,2.0,4273,0.0264,-2.1,-4.2
R80790,2.5,4280,0.0766,-2.2,-4.4
R80790,3.0,3240,0.3667,-1.9,-4.1
R80790,3.5,4772,0.8787,24.3,-1.3
R80790,4.0,7835,0.9657,57.6,28.3
R80790,4.5,10322,0.9807,106.3,68.4
R80790,5.0,11602,0.9807,176.6,121.9
R80790,5.5,11005,0.9836,268.1,196.8
R80790,6.0,9581,0.9833,389.8,294.6
R80790,6.5,7277,0.9874,528.6,425.2
R80790,7.0,5236,0.9807,663.3,551.6
R80790,7.5,3867,0.9687,796.3,673.2
R80790,8.0,3072,0.9775,934.2,803.9
R80790,8.5,2325,0.9828,1055.7,932.2
R80790,9.0,1691,0.984,1181.7,1037.8
R80790,9.5,1355,0.9852,1290.7,1153.9
R80790,10.0,1095,0.99,1414.1,1261.1
R80790,10.5,925,0.9903,1525.6,1389.9
R80790,11.0,782,0.9936,1628.0,1492.5
R80790,11.5,615,0.9984,1732.7,1613.7
R80790,12.0,442,0.9977,1809.4,1701.4
R80790,12.5,340,0.9971,1869.1,1770.8
R80790,13.0,266,0.9962,1928.3,1849.5
R80790,13.5,203,1.0,1957.9,1898.2
R80790,14.0,131,1.0,1984.9,1922.4
R80790,14.5,72,1.0,2009.9,1960.5
R80790,15.0,46,1.0,2007.2,1931.2
R80790,15.5,31,1.0,2029.5,1919.6
R80790,16.0,27,0.963,2009.1,1991.3
