method,severity_pct,duration_minutes,windows_tested,recovered,recovery_rate,median_detection_delay_min,control_windows,control_windows_alerting,apparent_alert_burden
A_turbine_specific,5,30,1440,662,0.4597,0.0,1440,410,0.2847
A_turbine_specific,5,60,1440,871,0.6049,0.0,1440,538,0.3736
A_turbine_specific,5,120,1440,1020,0.7083,0.0,1440,689,0.4785
A_turbine_specific,10,30,1440,883,0.6132,0.0,1440,410,0.2847
A_turbine_specific,10,60,1440,1111,0.7715,0.0,1440,538,0.3736
A_turbine_specific,10,120,1440,1246,0.8653,0.0,1440,689,0.4785
A_turbine_specific,20,30,1440,1184,0.8222,0.0,1440,410,0.2847
A_turbine_specific,20,60,1440,1316,0.9139,0.0,1440,538,0.3736
A_turbine_specific,20,120,1440,1374,0.9542,0.0,1440,689,0.4785
B_pooled_transparent,5,30,1440,709,0.4924,0.0,1440,428,0.2972
B_pooled_transparent,5,60,1440,911,0.6326,0.0,1440,585,0.4062
B_pooled_transparent,5,120,1440,1074,0.7458,0.0,1440,712,0.4944
B_pooled_transparent,10,30,1440,910,0.6319,0.0,1440,428,0.2972
B_pooled_transparent,10,60,1440,1143,0.7938,0.0,1440,585,0.4062
B_pooled_transparent,10,120,1440,1258,0.8736,0.0,1440,712,0.4944
B_pooled_transparent,20,30,1440,1238,0.8597,0.0,1440,428,0.2972
B_pooled_transparent,20,60,1440,1356,0.9417,0.0,1440,585,0.4062
B_pooled_transparent,20,120,1440,1397,0.9701,0.0,1440,712,0.4944
C_pooled_challenger,5,30,1440,780,0.5417,0.0,1440,451,0.3132
C_pooled_challenger,5,60,1440,989,0.6868,0.0,1440,583,0.4049
C_pooled_challenger,5,120,1440,1132,0.7861,0.0,1440,730,0.5069
C_pooled_challenger,10,30,1440,1045,0.7257,0.0,1440,451,0.3132
C_pooled_challenger,10,60,1440,1217,0.8451,0.0,1440,583,0.4049
C_pooled_challenger,10,120,1440,1324,0.9194,0.0,1440,730,0.5069
C_pooled_challenger,20,30,1440,1318,0.9153,0.0,1440,451,0.3132
C_pooled_challenger,20,60,1440,1387,0.9632,0.0,1440,583,0.4049
C_pooled_challenger,20,120,1440,1413,0.9812,0.0,1440,730,0.5069
