Wind_turbine_name,month,records,missing_power,reference_eligible,completeness_pct,eligible_pct
R80711,2014-01,4464,0,4021,100.0,90.08
R80711,2014-02,4032,4,3911,99.9,97.0
R80711,2014-03,4464,0,3486,100.0,78.09
R80711,2014-04,4320,9,3302,99.79,76.44
R80711,2014-05,4464,0,4053,100.0,90.79
R80711,2014-06,4320,32,3588,99.26,83.06
R80711,2014-07,4464,0,3467,100.0,77.67
R80711,2014-08,4464,0,3509,100.0,78.61
R80711,2014-09,4320,0,3369,100.0,77.99
R80711,2014-10,4464,59,3014,98.68,67.52
R80711,2014-11,4320,14,3530,99.68,81.71
R80711,2014-12,4464,29,3522,99.35,78.9
R80711,2015-01,4464,0,3713,100.0,83.18
R80711,2015-02,4032,66,3298,98.36,81.8
R80711,2015-03,4464,0,3690,100.0,82.66
R80711,2015-04,4320,38,3584,99.12,82.96
R80711,2015-05,4464,6,3717,99.87,83.27
R80711,2015-06,4320,209,3326,95.16,76.99
R80711,2015-07,4464,0,3493,100.0,78.25
R80711,2015-08,4464,2,3673,99.96,82.28
R80711,2015-09,4320,0,3856,100.0,89.26
R80711,2015-10,4464,0,3555,100.0,79.64
R80711,2015-11,4320,7,3816,99.84,88.33
R80711,2015-12,4464,0,4081,100.0,91.42
R80721,2014-01,4464,0,3798,100.0,85.08
R80721,2014-02,4032,0,3830,100.0,94.99
R80721,2014-03,4464,0,3266,100.0,73.16
R80721,2014-04,4320,17,3146,99.61,72.82
R80721,2014-05,4464,0,3885,100.0,87.03
R80721,2014-06,4320,31,3317,99.28,76.78
R80721,2014-07,4464,0,3339,100.0,74.8
R80721,2014-08,4464,0,3410,100.0,76.39
R80721,2014-09,4320,0,3193,100.0,73.91
R80721,2014-10,4464,59,2849,98.68,63.82
R80721,2014-11,4320,14,3331,99.68,77.11
R80721,2014-12,4464,0,3497,100.0,78.34
R80721,2015-01,4464,0,3506,100.0,78.54
R80721,2015-02,4032,278,2986,93.11,74.06
R80721,2015-03,4464,541,2982,87.88,66.8
R80721,2015-04,4320,60,3429,98.61,79.38
R80721,2015-05,4464,1,3522,99.98,78.9
R80721,2015-06,4320,208,3153,95.19,72.99
R80721,2015-07,4464,0,3838,100.0,85.98
R80721,2015-08,4464,0,3490,100.0,78.18
R80721,2015-09,4320,0,3780,100.0,87.5
R80721,2015-10,4464,0,3259,100.0,73.01
R80721,2015-11,4320,0,3660,100.0,84.72
R80721,2015-12,4464,0,3964,100.0,88.8
R80736,2014-01,4464,0,3823,100.0,85.64
R80736,2014-02,4032,0,3861,100.0,95.76
R80736,2014-03,4464,0,3292,100.0,73.75
R80736,2014-04,4320,0,3180,100.0,73.61
R80736,2014-05,4464,12,3772,99.73,84.5
R80736,2014-06,4320,32,3480,99.26,80.56
R80736,2014-07,4464,0,3378,100.0,75.67
R80736,2014-08,4464,0,3347,100.0,74.98
R80736,2014-09,4320,0,3195,100.0,73.96
R80736,2014-10,4464,61,2811,98.63,62.97
R80736,2014-11,4320,0,3400,100.0,78.7
R80736,2014-12,4464,6,3686,99.87,82.57
R80736,2015-01,4464,0,3546,100.0,79.44
R80736,2015-02,4032,69,3063,98.29,75.97
R80736,2015-03,4464,0,3518,100.0,78.81
R80736,2015-04,4320,28,3501,99.35,81.04
R80736,2015-05,4464,18,3514,99.6,78.72
R80736,2015-06,4320,209,3191,95.16,73.87
R80736,2015-07,4464,0,3826,100.0,85.71
R80736,2015-08,4464,0,3442,100.0,77.11
R80736,2015-09,4320,0,3777,100.0,87.43
R80736,2015-10,4464,0,3196,100.0,71.59
R80736,2015-11,4320,0,3636,100.0,84.17
R80736,2015-12,4464,0,3966,100.0,88.84
R80790,2014-01,4464,0,3847,100.0,86.18
R80790,2014-02,4032,0,3883,100.0,96.3
R80790,2014-03,4464,0,3447,100.0,77.22
R80790,2014-04,4320,12,3206,99.72,74.21
R80790,2014-05,4464,0,3962,100.0,88.75
R80790,2014-06,4320,35,3054,99.19,70.69
R80790,2014-07,4464,0,3452,100.0,77.33
R80790,2014-08,4464,0,3499,100.0,78.38
R80790,2014-09,4320,0,3322,100.0,76.9
R80790,2014-10,4464,69,2944,98.45,65.95
R80790,2014-11,4320,0,3545,100.0,82.06
R80790,2014-12,4464,0,3707,100.0,83.04
R80790,2015-01,4464,8,3501,99.82,78.43
R80790,2015-02,4032,67,2753,98.34,68.28
R80790,2015-03,4464,0,3645,100.0,81.65
R80790,2015-04,4320,42,3489,99.03,80.76
R80790,2015-05,4464,7,3707,99.84,83.04
R80790,2015-06,4320,210,3033,95.14,70.21
R80790,2015-07,4464,0,3905,100.0,87.48
R80790,2015-08,4464,0,3555,100.0,79.64
R80790,2015-09,4320,0,3744,100.0,86.67
R80790,2015-10,4464,0,3494,100.0,78.27
R80790,2015-11,4320,0,3762,100.0,87.08
R80790,2015-12,4464,0,4067,100.0,91.11
