turbine,start_utc,end_utc,records,hours
R80721,2015-02-27 01:40:00+00:00,2015-03-04 14:20:00+00:00,797,132.83
R80790,2015-06-16 01:40:00+00:00,2015-06-17 11:50:00+00:00,206,34.33
R80711,2015-06-16 01:40:00+00:00,2015-06-17 11:50:00+00:00,206,34.33
R80721,2015-06-16 01:40:00+00:00,2015-06-17 11:50:00+00:00,206,34.33
R80736,2015-06-16 01:40:00+00:00,2015-06-17 11:40:00+00:00,205,34.17
R80736,2015-02-27 04:10:00+00:00,2015-02-27 15:30:00+00:00,69,11.5
R80711,2015-02-27 04:10:00+00:00,2015-02-27 14:40:00+00:00,64,10.67
R80790,2015-02-27 04:10:00+00:00,2015-02-27 14:40:00+00:00,64,10.67
R80736,2014-10-29 07:10:00+00:00,2014-10-29 17:10:00+00:00,61,10.17
R80711,2014-10-29 07:30:00+00:00,2014-10-29 17:10:00+00:00,59,9.83
R80721,2014-10-29 07:20:00+00:00,2014-10-29 16:50:00+00:00,58,9.67
R80790,2014-10-29 07:20:00+00:00,2014-10-29 16:50:00+00:00,58,9.67
R80790,2014-06-18 06:00:00+00:00,2014-06-18 11:30:00+00:00,34,5.67
R80736,2014-06-18 06:20:00+00:00,2014-06-18 11:30:00+00:00,32,5.33
R80711,2014-06-18 06:20:00+00:00,2014-06-18 11:30:00+00:00,32,5.33
R80790,2015-04-17 06:30:00+00:00,2015-04-17 11:20:00+00:00,30,5.0
R80721,2015-04-17 06:30:00+00:00,2015-04-17 11:00:00+00:00,28,4.67
R80736,2015-04-17 06:40:00+00:00,2015-04-17 11:10:00+00:00,28,4.67
R80711,2015-04-17 06:40:00+00:00,2015-04-17 11:00:00+00:00,27,4.5
R80721,2014-06-18 06:10:00+00:00,2014-06-18 10:00:00+00:00,24,4.0
R80711,2014-12-16 09:10:00+00:00,2014-12-16 12:50:00+00:00,23,3.83
R80721,2015-04-29 07:00:00+00:00,2015-04-29 10:20:00+00:00,21,3.5
R80736,2015-05-04 07:00:00+00:00,2015-05-04 09:50:00+00:00,18,3.0
R80721,2014-04-28 11:30:00+00:00,2014-04-28 14:10:00+00:00,17,2.83
R80711,2014-11-19 21:40:00+00:00,2014-11-19 23:50:00+00:00,14,2.33
R80721,2014-11-18 21:40:00+00:00,2014-11-18 23:50:00+00:00,14,2.33
R80790,2015-04-27 06:50:00+00:00,2015-04-27 08:40:00+00:00,12,2.0
R80790,2014-04-24 07:20:00+00:00,2014-04-24 09:00:00+00:00,11,1.83
R80721,2015-04-29 10:40:00+00:00,2015-04-29 12:20:00+00:00,11,1.83
R80736,2014-05-05 06:50:00+00:00,2014-05-05 08:20:00+00:00,10,1.67
R80721,2015-03-05 06:50:00+00:00,2015-03-05 08:20:00+00:00,10,1.67
R80711,2015-04-27 07:40:00+00:00,2015-04-27 09:10:00+00:00,10,1.67
R80790,2014-10-31 08:00:00+00:00,2014-10-31 09:20:00+00:00,9,1.5
R80790,2015-01-16 09:30:00+00:00,2015-01-16 10:40:00+00:00,8,1.33
R80790,2015-05-06 11:30:00+00:00,2015-05-06 12:30:00+00:00,7,1.17
R80721,2014-06-18 10:30:00+00:00,2014-06-18 11:30:00+00:00,7,1.17
R80711,2014-04-22 08:30:00+00:00,2014-04-22 09:30:00+00:00,7,1.17
R80711,2015-11-27 07:40:00+00:00,2015-11-27 08:40:00+00:00,7,1.17
R80711,2014-12-16 07:40:00+00:00,2014-12-16 08:30:00+00:00,6,1.0
R80711,2015-05-06 10:20:00+00:00,2015-05-06 11:10:00+00:00,6,1.0
R80736,2014-12-16 09:40:00+00:00,2014-12-16 10:30:00+00:00,6,1.0
R80721,2015-03-06 10:20:00+00:00,2015-03-06 11:00:00+00:00,5,0.83
R80711,2014-02-07 14:40:00+00:00,2014-02-07 15:10:00+00:00,4,0.67
R80736,2015-06-17 12:00:00+00:00,2015-06-17 12:30:00+00:00,4,0.67
R80711,2015-06-17 12:10:00+00:00,2015-06-17 12:30:00+00:00,3,0.5
R80790,2015-02-27 15:00:00+00:00,2015-02-27 15:20:00+00:00,3,0.5
R80790,2015-06-17 12:10:00+00:00,2015-06-17 12:30:00+00:00,3,0.5
R80721,2015-03-06 11:40:00+00:00,2015-03-06 12:00:00+00:00,3,0.5
R80721,2015-03-06 09:50:00+00:00,2015-03-06 10:00:00+00:00,2,0.33
R80711,2015-02-27 15:00:00+00:00,2015-02-27 15:10:00+00:00,2,0.33
R80790,2014-10-29 17:10:00+00:00,2014-10-29 17:20:00+00:00,2,0.33
R80721,2015-06-17 12:20:00+00:00,2015-06-17 12:30:00+00:00,2,0.33
R80736,2014-05-05 08:40:00+00:00,2014-05-05 08:50:00+00:00,2,0.33
R80711,2015-08-03 14:30:00+00:00,2015-08-03 14:30:00+00:00,1,0.17
R80711,2014-04-22 11:20:00+00:00,2014-04-22 11:20:00+00:00,1,0.17
R80711,2014-04-22 10:50:00+00:00,2014-04-22 10:50:00+00:00,1,0.17
R80711,2015-04-17 11:20:00+00:00,2015-04-17 11:20:00+00:00,1,0.17
R80721,2015-03-06 12:30:00+00:00,2015-03-06 12:30:00+00:00,1,0.17
R80721,2015-03-06 11:20:00+00:00,2015-03-06 11:20:00+00:00,1,0.17
R80711,2015-08-03 12:50:00+00:00,2015-08-03 12:50:00+00:00,1,0.17
R80721,2014-10-29 17:10:00+00:00,2014-10-29 17:10:00+00:00,1,0.17
R80721,2015-05-04 14:40:00+00:00,2015-05-04 14:40:00+00:00,1,0.17
R80790,2014-06-09 10:30:00+00:00,2014-06-09 10:30:00+00:00,1,0.17
R80790,2014-04-01 13:50:00+00:00,2014-04-01 13:50:00+00:00,1,0.17
R80790,2015-06-09 07:10:00+00:00,2015-06-09 07:10:00+00:00,1,0.17
